run,test_size,train_size,normalize,accuracy,confusion_matrix
1,0.1,0.9,False,0.6306122448979592,"[[  0   1   1   0   0   0]
 [  0   5   8   3   0   1]
 [  1   3 100  39   5   1]
 [  0   3  35 139  32   5]
 [  0   1   4  29  56   1]
 [  0   0   1   3   4   9]]"
2,0.1,0.9,False,0.6510204081632653,"[[  0   0   0   1   0   0   0]
 [  0   4   7   4   0   0   0]
 [  0   5 106  29   9   0   0]
 [  1   5  39 154  26   4   1]
 [  0   0   3  26  45   2   0]
 [  0   0   0   4   4  10   1]
 [  0   0   0   0   0   0   0]]"
3,0.1,0.9,False,0.6122448979591837,"[[  0   0   2   0   1   0]
 [  0   5   6   3   0   0]
 [  1   6  89  38   8   2]
 [  0   4  29 143  30   7]
 [  0   1   4  32  52   5]
 [  0   0   0   8   3  11]]"
4,0.1,0.9,False,0.5816326530612245,"[[  0   0   0   0   0   0   0]
 [  0   1   6   2   0   0   0]
 [  0   4 112  43  12   2   0]
 [  1   5  39 125  28   6   0]
 [  0   1   7  38  41   5   0]
 [  0   0   0   2   3   6   0]
 [  0   0   0   1   0   0   0]]"
5,0.1,0.9,False,0.6448979591836734,"[[  0   0   2   0   1   0   0]
 [  0   3  10   6   1   0   0]
 [  0   8 103  33   9   1   0]
 [  1   3  30 150  26   5   0]
 [  0   0   3  22  54   3   1]
 [  0   0   2   3   4   6   0]
 [  0   0   0   0   0   0   0]]"
6,0.1,0.9,False,0.6163265306122448,"[[  0   0   1   0   0   0   0]
 [  0   7   6   4   2   0   1]
 [  0   8 106  51   6   1   0]
 [  1   3  22 138  30   3   0]
 [  0   0   7  25  47   6   0]
 [  0   0   1   1   8   4   0]
 [  0   0   0   1   0   0   0]]"
7,0.1,0.9,False,0.6265306122448979,"[[  0   0   1   2   0   0   0]
 [  0   6   1   4   3   0   0]
 [  1   4  96  38   5   0   0]
 [  0   6  42 140  26   4   0]
 [  0   1   7  26  56   5   0]
 [  0   0   1   2   3   9   0]
 [  0   0   0   0   1   0   0]]"
8,0.1,0.9,False,0.6122448979591837,"[[  0   0   0   0   1   0   0]
 [  1   6   7   4   1   0   0]
 [  0   8  88  29   7   2   1]
 [  0   3  49 140  26   6   0]
 [  0   2  12  15  61   3   1]
 [  0   0   2   6   3   5   1]
 [  0   0   0   0   0   0   0]]"
9,0.1,0.9,False,0.610204081632653,"[[  0   0   0   1   1   0]
 [  0   5   5   2   1   0]
 [  3   3  97  35   9   2]
 [  1   1  39 145  34   2]
 [  0   1  10  31  44   4]
 [  0   0   0   4   2   8]]"
10,0.1,0.9,False,0.6163265306122448,"[[  0   0   1   0   1   0]
 [  0   5   5   6   0   0]
 [  1   7  85  35   7   1]
 [  1   2  25 149  31   5]
 [  0   2   8  32  57   6]
 [  0   0   2   4   6   6]]"
11,0.1,0.9,False,0.6081632653061224,"[[  0   0   1   0   0   0]
 [  0   5   8   5   0   0]
 [  0   4  94  37   8   1]
 [  0   3  48 144  27   7]
 [  0   1  10  23  51   4]
 [  0   0   1   4   0   4]]"
12,0.1,0.9,False,0.6346938775510204,"[[  0   0   0   0   0   0   0]
 [  0   3   5   5   0   0   0]
 [  0   6  91  41   6   2   0]
 [  1   2  38 153  20  10   0]
 [  0   1   5  27  51   4   0]
 [  0   0   1   2   2  13   0]
 [  0   0   0   1   0   0   0]]"
13,0.1,0.9,False,0.636734693877551,"[[  0   0   0   0   0   0   0]
 [  1   4   1   6   1   0   0]
 [  0   7 105  39   9   0   0]
 [  0   5  36 144  24   9   0]
 [  1   3   4  22  48   0   0]
 [  0   0   1   4   4  11   0]
 [  0   0   0   1   0   0   0]]"
14,0.1,0.9,False,0.6632653061224489,"[[  0   0   0   0   1   0   0]
 [  0   6   5   0   0   0   0]
 [  1   7  98  38   4   0   0]
 [  0   1  37 160  31   5   0]
 [  0   0   5  16  46   5   0]
 [  0   0   0   2   6  15   0]
 [  0   0   0   1   0   0   0]]"
15,0.1,0.9,False,0.6306122448979592,"[[  0   0   1   2   0   0   0]
 [  0   9   2   2   0   0   0]
 [  0   6 101  28  12   0   0]
 [  1   3  38 146  24   7   0]
 [  0   1   9  29  45   6   0]
 [  0   0   0   5   4   8   0]
 [  0   0   0   1   0   0   0]]"
16,0.1,0.9,False,0.6183673469387755,"[[  0   0   0   0   1   0]
 [  2   4   7   1   0   0]
 [  0   9  85  38  10   2]
 [  1   3  32 156  30   9]
 [  0   1   2  28  49   5]
 [  0   0   0   4   2   9]]"
17,0.1,0.9,False,0.6326530612244898,"[[  0   0   2   0   0   0]
 [  0   7   7   4   1   0]
 [  0   6 101  47   8   2]
 [  0   3  31 133  25   3]
 [  0   1   9  24  59   1]
 [  0   1   1   3   1  10]]"
18,0.1,0.9,False,0.6346938775510204,"[[  0   0   0   1   0   0   0]
 [  0   7   3   7   2   0   0]
 [  0   2  96  41   8   1   0]
 [  0   5  36 150  26   4   0]
 [  0   0   5  24  50   6   1]
 [  0   0   1   3   3   8   0]
 [  0   0   0   0   0   0   0]]"
19,0.1,0.9,False,0.6346938775510204,"[[  0   0   0   0   0   0]
 [  0   4   6   4   0   0]
 [  0   4  97  39   3   3]
 [  2   2  44 149  25   1]
 [  0   1   4  27  49   4]
 [  0   0   1   4   5  12]]"
20,0.1,0.9,False,0.6040816326530613,"[[  0   1   1   0   0   0   0]
 [  0   3   8   2   0   0   0]
 [  0   7  84  37   9   0   0]
 [  0   7  32 147  32   5   0]
 [  0   0   6  25  54   2   1]
 [  0   1   2   6   9   8   1]
 [  0   0   0   0   0   0   0]]"
21,0.1,0.9,False,0.5959183673469388,"[[  0   0   0   0   0   0   0]
 [  0   5   6   5   0   0   0]
 [  2   3  93  46   5   2   0]
 [  0   2  34 138  34   3   0]
 [  0   1   6  37  49   4   0]
 [  0   0   0   2   5   7   0]
 [  0   0   0   1   0   0   0]]"
22,0.1,0.9,False,0.6204081632653061,"[[  0   0   1   0   0   0]
 [  1   4   3   2   0   1]
 [  1   6  99  41   7   0]
 [  0   1  43 135  29   6]
 [  0   1   6  20  59  10]
 [  0   0   0   2   5   7]]"
23,0.1,0.9,False,0.6265306122448979,"[[  0   1   0   0   0   0]
 [  0   7   6   4   1   0]
 [  0   6  87  37   7   4]
 [  1   1  35 151  36   3]
 [  0   0  10  22  53   4]
 [  0   0   1   4   0   9]]"
24,0.1,0.9,False,0.6326530612244898,"[[  0   0   0   1   1   0   0]
 [  0   3   4   7   0   0   0]
 [  2   6  95  33   4   1   0]
 [  0   6  28 165  26   5   0]
 [  0   0  10  29  44   3   0]
 [  0   0   0   7   5   3   0]
 [  0   1   0   1   0   0   0]]"
25,0.1,0.9,False,0.6122448979591837,"[[  0   1   2   0   0   0]
 [  0   2   4   9   0   0]
 [  0   4 109  33   3   1]
 [  0   9  42 128  23   8]
 [  0   1   4  34  51   4]
 [  0   1   1   2   4  10]]"
26,0.1,0.9,False,0.6326530612244898,"[[  0   2   1   0   0   0   0]
 [  0   7   4   5   0   0   0]
 [  1   8  91  40   2   1   0]
 [  0   4  32 159  33   7   0]
 [  0   2   3  19  47   4   0]
 [  0   0   0   5   6   6   0]
 [  0   0   0   1   0   0   0]]"
27,0.1,0.9,False,0.6061224489795919,"[[  0   0   0   1   1   0   0]
 [  0   6   7   4   0   0   0]
 [  0   6  94  35   6   0   0]
 [  0   3  28 138  34   6   0]
 [  0   1   8  35  50   4   0]
 [  0   0   2   3   8   9   0]
 [  0   0   0   0   1   0   0]]"
28,0.1,0.9,False,0.6326530612244898,"[[  0   0   0   0   0   0   0]
 [  0   7   5   3   1   0   0]
 [  1  13 101  35   4   0   0]
 [  0   1  32 147  31   3   0]
 [  0   1   4  30  47   3   0]
 [  0   0   1   2   9   8   0]
 [  0   0   0   0   1   0   0]]"
29,0.1,0.9,False,0.6448979591836734,"[[  0   0   1   0   0   0]
 [  0   8   1   9   2   0]
 [  0   9  93  35   6   0]
 [  0   4  35 161  26   2]
 [  0   0  13  24  47   2]
 [  0   0   0   1   4   7]]"
30,0.1,0.9,False,0.5857142857142857,"[[  0   0   1   1   0   1   0]
 [  0   8  10   4   0   0   0]
 [  0   3  89  41   2   1   0]
 [  1   6  49 139  29   4   0]
 [  0   2   7  27  45   6   0]
 [  0   0   1   6   0   6   0]
 [  0   0   0   0   0   1   0]]"
31,0.1,0.9,False,0.6428571428571429,"[[  0   1   1   0   0   0]
 [  0   7   7   1   2   0]
 [  0   4 111  34   2   1]
 [  0   2  41 143  23   6]
 [  0   0   6  30  49   7]
 [  0   0   0   4   3   5]]"
32,0.1,0.9,False,0.6428571428571429,"[[  0   0   1   1   0   0   0]
 [  0   5  10   5   0   0   0]
 [  0   2  99  26   7   2   0]
 [  0   1  39 161  30   2   0]
 [  1   1   5  25  44   4   0]
 [  0   0   0   4   8   6   0]
 [  0   0   0   1   0   0   0]]"
33,0.1,0.9,False,0.636734693877551,"[[  0   0   2   1   0   0]
 [  1   6   7   3   1   0]
 [  0   5 103  37   8   1]
 [  0   3  32 150  36   4]
 [  0   1   3  25  46   3]
 [  0   1   0   0   4   7]]"
34,0.1,0.9,False,0.6122448979591837,"[[  7   7   6   1   1   0]
 [  5  80  34   9   0   0]
 [  3  41 142  30   2   1]
 [  3   6  26  64   4   0]
 [  0   1   4   6   7   0]
 [  0   0   0   0   0   0]]"
35,0.1,0.9,False,0.6285714285714286,"[[  0   0   1   1   0   0   0]
 [  0   3   4   1   0   0   0]
 [  0  10  87  40   5   1   0]
 [  1   4  33 148  26   3   0]
 [  0   0   9  29  61   6   0]
 [  0   0   2   3   2   9   0]
 [  0   0   0   1   0   0   0]]"
36,0.1,0.9,False,0.6224489795918368,"[[  0   0   0   0   1   0]
 [  0   2   5   5   0   0]
 [  0   6  88  46  12   1]
 [  0   4  33 150  21   8]
 [  0   1   5  23  54   4]
 [  0   0   1   3   6  11]]"
37,0.1,0.9,False,0.5714285714285714,"[[  0   0   2   1   0   0]
 [  0   7   7  10   0   1]
 [  0   4  91  35  10   1]
 [  0   5  37 125  34   9]
 [  1   0   8  30  50   6]
 [  0   0   1   0   8   7]]"
38,0.1,0.9,False,0.6020408163265306,"[[  0   0   0   1   0   0   0]
 [  0   8   9   4   0   0   0]
 [  3   5  97  34   8   1   0]
 [  0   4  40 134  28   2   0]
 [  0   1   5  32  53   8   1]
 [  0   1   0   3   5   3   0]
 [  0   0   0   0   0   0   0]]"
39,0.1,0.9,False,0.5938775510204082,"[[  0   0   2   2   0   0]
 [  0   3   6   7   1   0]
 [  0   6  87  35   9   0]
 [  1   7  39 140  29   5]
 [  0   2   8  25  52   6]
 [  0   0   0   5   4   9]]"
40,0.1,0.9,False,0.6265306122448979,"[[  0   1   1   0   1   1]
 [  0   4   4   9   0   0]
 [  0   6  93  31   3   0]
 [  1   4  42 160  30   3]
 [  0   0   3  28  37   4]
 [  0   0   1   4   6  13]]"
41,0.1,0.9,False,0.6408163265306123,"[[  0   0   2   2   0   0]
 [  0   8   3   5   0   0]
 [  0   5 102  29   7   1]
 [  1   4  50 149  24   5]
 [  0   2   1  18  49   7]
 [  0   1   0   3   6   6]]"
42,0.1,0.9,False,0.6551020408163265,"[[  0   0   1   0   0   0]
 [  0   5   6   2   1   0]
 [  1   6 103  33   7   1]
 [  1   3  36 154  27   5]
 [  0   0   4  26  53   2]
 [  0   0   1   0   6   6]]"
43,0.1,0.9,False,0.6081632653061224,"[[  0   0   1   1   0   0   0]
 [  0   6   5   3   1   0   0]
 [  0   6  82  36   9   2   0]
 [  2   3  43 146  32   4   0]
 [  0   0   5  23  55   4   0]
 [  0   0   3   4   4   9   0]
 [  0   1   0   0   0   0   0]]"
44,0.1,0.9,False,0.6530612244897959,"[[  6   7   4   1   0]
 [  5  90  37   2   3]
 [  1  44 169  29   2]
 [  0   6  17  50   5]
 [  0   1   1   5   5]]"
45,0.1,0.9,False,0.6285714285714286,"[[  0   0   2   0   0   0   0]
 [  0   5   6   1   0   0   0]
 [  0   6 105  39   7   2   0]
 [  1   6  37 151  32   8   0]
 [  0   1   2  22  38   1   0]
 [  0   0   2   3   2   9   0]
 [  0   0   0   1   1   0   0]]"
46,0.1,0.9,False,0.6081632653061224,"[[  0   0   2   0   0   0   0]
 [  0   5   6  12   1   0   0]
 [  1   2  90  34   7   1   0]
 [  0   2  47 145  30   7   0]
 [  0   0   3  29  50   3   0]
 [  0   0   1   2   1   8   0]
 [  0   0   0   1   0   0   0]]"
47,0.1,0.9,False,0.6040816326530613,"[[  0   0   1   0   0   0   0]
 [  1   3   3   6   2   1   0]
 [  2   3  85  32   7   2   0]
 [  1   8  46 145  28   6   1]
 [  0   0   3  24  55   1   0]
 [  0   0   2   6   8   8   0]
 [  0   0   0   0   0   0   0]]"
48,0.1,0.9,False,0.6448979591836734,"[[  6   7   6   0   0   0]
 [  4  93  22   6   0   0]
 [  4  46 155  22   2   0]
 [  2   3  26  54   4   0]
 [  0   2   9   7   8   0]
 [  0   0   1   1   0   0]]"
49,0.1,0.9,False,0.6224489795918368,"[[  0   0   0   1   0   0]
 [  1   8   8   5   1   0]
 [  0   1  92  35   7   0]
 [  1   3  33 151  39   5]
 [  0   0   5  28  46   4]
 [  0   1   1   3   3   8]]"
50,0.1,0.9,False,0.636734693877551,"[[  0   0   2   2   1   0   0]
 [  0   8   5   2   1   0   0]
 [  0   5  86  28  10   1   0]
 [  0   9  29 157  30   5   0]
 [  0   1   5  28  54   2   0]
 [  0   0   1   6   3   7   1]
 [  0   0   0   0   1   0   0]]"
51,0.1,0.9,False,0.6469387755102041,"[[  0   0   0   0   0   0   0]
 [  0   8   6   2   1   0   0]
 [  2   6  83  19   4   1   0]
 [  0   5  41 158  32   8   1]
 [  0   1   3  25  59   3   0]
 [  0   0   0   8   4   9   0]
 [  0   0   0   1   0   0   0]]"
52,0.1,0.9,False,0.6265306122448979,"[[  0   0   1   0   0   0   0]
 [  0  10   5   2   0   0   0]
 [  0   6  85  30  10   2   0]
 [  0  11  44 141  30   3   1]
 [  0   0   3  19  63   6   0]
 [  0   0   0   3   7   8   0]
 [  0   0   0   0   0   0   0]]"
53,0.1,0.9,False,0.5959183673469388,"[[  0   0   2   0   1   0   0]
 [  2   3   4   6   0   0   0]
 [  0   3  98  30  10   1   0]
 [  1   1  45 139  31   6   0]
 [  0   0   4  27  41   6   0]
 [  0   1   1   8   5  11   0]
 [  0   0   1   1   0   1   0]]"
54,0.1,0.9,False,0.6183673469387755,"[[  0   0   1   0   0   0   0]
 [  0   3   6   2   1   0   0]
 [  0   5 109  48   6   1   0]
 [  0   5  30 131  23   6   0]
 [  0   1   6  27  54   7   1]
 [  0   0   2   4   5   6   0]
 [  0   0   0   0   0   0   0]]"
55,0.1,0.9,False,0.5836734693877551,"[[  0   3   1   0   1   0   0]
 [  0   1   6   3   3   0   0]
 [  0   5  99  40   4   1   0]
 [  2   7  32 131  31   4   0]
 [  0   0   7  36  47   6   0]
 [  0   0   2   6   3   8   0]
 [  0   0   0   0   1   0   0]]"
56,0.1,0.9,False,0.6244897959183674,"[[  0   1   1   2   0   0   0]
 [  0   4   3   3   2   1   0]
 [  0   9  88  42   4   2   0]
 [  1   2  46 162  21   0   0]
 [  0   1   5  27  48   1   0]
 [  0   0   0   2   7   4   0]
 [  0   0   0   1   0   0   0]]"
57,0.1,0.9,False,0.6,"[[  0   0   0   1   0   0   0]
 [  0   3   5   3   2   0   0]
 [  0   6  94  40  12   1   0]
 [  0   3  40 142  28   3   0]
 [  0   1   5  32  47   3   0]
 [  0   0   1   2   6   8   1]
 [  0   0   0   0   1   0   0]]"
58,0.1,0.9,False,0.636734693877551,"[[  7  10   3   0   0]
 [  8  97  49   6   0]
 [  2  29 160  29   5]
 [  0   6  22  42   3]
 [  0   0   4   2   6]]"
59,0.1,0.9,False,0.6244897959183674,"[[  0   1   0   2   0   1   0]
 [  0   5   5   1   2   0   0]
 [  0   7  98  36   6   1   0]
 [  1   1  40 145  29   1   0]
 [  0   1   3  26  50   5   0]
 [  0   0   1   4   9   8   0]
 [  0   0   0   1   0   0   0]]"
60,0.1,0.9,False,0.6795918367346939,"[[  0   0   1   0   0   0]
 [  0   4   3   2   0   0]
 [  1   6 105  28   5   2]
 [  0   5  38 159  24   5]
 [  0   0   6  21  57   6]
 [  0   0   0   3   1   8]]"
61,0.1,0.9,False,0.6,"[[  0   1   3   0   1   0]
 [  1   6   5   1   0   0]
 [  2  10  90  45   7   0]
 [  0   5  34 129  41   2]
 [  0   0   4  18  58   5]
 [  0   1   2   5   3  11]]"
62,0.1,0.9,False,0.6673469387755102,"[[  0   2   3   0   0   0   0]
 [  0   7   9   1   0   1   0]
 [  0   5 107  33   4   2   0]
 [  0   5  35 143  19   9   0]
 [  0   0   0  21  57   6   0]
 [  0   0   0   6   1  13   0]
 [  0   1   0   0   0   0   0]]"
63,0.1,0.9,False,0.6183673469387755,"[[  0   0   1   0   0   0   0]
 [  1   6   8   4   0   0   0]
 [  0   4  85  42   3   0   0]
 [  0   2  36 159  27   3   0]
 [  0   2   6  24  44   4   1]
 [  0   0   5   4   9   9   0]
 [  0   0   0   0   1   0   0]]"
64,0.1,0.9,False,0.6040816326530613,"[[  0   0   2   0   0   0   0]
 [  0   5   7   7   0   0   0]
 [  2   6  97  46  11   1   0]
 [  0   2  38 146  22   5   0]
 [  0   1   8  23  40   3   0]
 [  0   0   1   2   6   8   0]
 [  0   0   0   1   0   0   0]]"
65,0.1,0.9,False,0.6469387755102041,"[[  0   0   1   0   0   0   0]
 [  0   3   9   4   0   0   0]
 [  1   5 111  21   6   0   0]
 [  0   2  47 142  27   6   0]
 [  0   0   6  22  52   6   0]
 [  0   0   3   3   3   9   0]
 [  0   0   0   0   1   0   0]]"
66,0.1,0.9,False,0.6040816326530613,"[[  0   0   3   0   0   0   0]
 [  0   2   6   4   1   0   0]
 [  1   4 103  39   9   0   0]
 [  0   4  40 132  22   6   0]
 [  0   2   7  29  50   2   0]
 [  0   0   1   8   4   9   0]
 [  0   0   1   0   1   0   0]]"
67,0.1,0.9,False,0.6448979591836734,"[[  1   0   1   0   0   0   0]
 [  1   7   2   9   0   0   0]
 [  1   5  95  33   4   1   0]
 [  0   2  33 141  31   7   0]
 [  0   0   4  19  65   5   0]
 [  0   0   0   7   8   7   0]
 [  0   0   0   1   0   0   0]]"
68,0.1,0.9,False,0.6183673469387755,"[[  0   0   0   0   0   0]
 [  0   7   2   3   1   0]
 [  1   4  88  44   7   1]
 [  0   2  45 141  28   4]
 [  1   0  10  23  56   4]
 [  0   0   2   2   3  11]]"
69,0.1,0.9,False,0.6204081632653061,"[[  0   0   1   1   1   0   0]
 [  0   4   4   6   0   0   0]
 [  0   4  97  47   8   0   0]
 [  0   4  32 147  27   4   0]
 [  0   0   5  26  50   5   0]
 [  0   1   1   4   4   6   0]
 [  0   0   0   1   0   0   0]]"
70,0.1,0.9,False,0.6285714285714286,"[[  0   0   0   0   0   0   0]
 [  1   4   8   1   1   0   0]
 [  0   5  94  36   5   2   0]
 [  3   1  36 134  26   3   1]
 [  0   1   6  32  66   7   0]
 [  0   0   0   5   0  10   0]
 [  0   0   0   1   1   0   0]]"
71,0.1,0.9,False,0.6306122448979592,"[[  0   1   1   1   1   0]
 [  0   3   6   3   1   0]
 [  0   1  86  36   5   0]
 [  1   7  33 145  26   5]
 [  0   0  12  27  60   3]
 [  0   0   0   7   4  15]]"
72,0.1,0.9,False,0.6428571428571429,"[[  0   0   2   1   0   0   0]
 [  1   8   3   6   1   0   0]
 [  0   4  97  22   4   1   0]
 [  0   3  47 148  23   6   0]
 [  0   0   9  27  56   6   0]
 [  0   0   0   4   4   6   0]
 [  0   0   0   0   0   1   0]]"
73,0.1,0.9,False,0.6346938775510204,"[[  0   1   0   0   0   0   0]
 [  1   3   5   4   0   0   1]
 [  0   5  89  42   6   1   0]
 [  0   6  33 148  37   4   0]
 [  0   0   4  19  64   4   0]
 [  0   0   3   3   0   7   0]
 [  0   0   0   0   0   0   0]]"
74,0.1,0.9,False,0.6408163265306123,"[[  0   0   1   1   0   0]
 [  0   3   9   3   0   0]
 [  0   5  81  40   5   3]
 [  2   4  32 161  27   5]
 [  0   1   4  18  60   2]
 [  0   0   1   4   9   9]]"
75,0.1,0.9,False,0.6,"[[  0   0   0   0   1   0   0]
 [  0   4   6   3   2   0   0]
 [  0   7  98  46   2   2   0]
 [  0   3  41 130  27   5   0]
 [  0   0   8  34  51   5   0]
 [  0   0   0   1   2  11   0]
 [  0   0   0   1   0   0   0]]"
76,0.1,0.9,False,0.6632653061224489,"[[  0   1   0   1   1   0]
 [  0   3   1   7   0   0]
 [  1   2  86  40  10   1]
 [  0   2  29 167  20   7]
 [  0   2   5  20  56   7]
 [  0   0   1   4   3  13]]"
77,0.1,0.9,False,0.6142857142857143,"[[  0   0   1   0   0   0]
 [  0   5   8   4   0   1]
 [  1  10 100  38   4   2]
 [  0   4  43 138  21   4]
 [  0   1   4  27  48   5]
 [  0   0   3   5   3  10]]"
78,0.1,0.9,False,0.6020408163265306,"[[  0   2   0   0   1   1   0]
 [  0   3   5   0   1   0   0]
 [  0   8  92  37   5   3   0]
 [  0   4  43 147  31   6   0]
 [  0   1   4  27  43   8   0]
 [  0   0   1   4   2  10   0]
 [  0   0   0   0   0   1   0]]"
79,0.1,0.9,False,0.6285714285714286,"[[  0   1   1   1   0   0   0]
 [  0  10   2   4   0   1   0]
 [  0   3  87  32   4   1   0]
 [  0   4  48 143  27   4   0]
 [  0   1   3  35  59   3   0]
 [  0   1   0   2   3   9   1]
 [  0   0   0   0   0   0   0]]"
80,0.1,0.9,False,0.5979591836734693,"[[  0   0   0   2   0   0   0]
 [  0   1  10   2   2   1   0]
 [  0   9  95  38   5   1   0]
 [  1   3  33 128  32   5   1]
 [  0   2   7  27  62   5   0]
 [  0   0   1   3   6   7   0]
 [  0   0   0   1   0   0   0]]"
81,0.1,0.9,False,0.636734693877551,"[[  0   1   1   1   0   0   0]
 [  0   2   3   6   1   0   0]
 [  1   5  95  35   6   2   0]
 [  1   2  27 158  27   3   0]
 [  0   0   6  37  49   2   0]
 [  0   0   0   5   5   8   0]
 [  0   0   0   0   0   1   0]]"
82,0.1,0.9,False,0.6265306122448979,"[[  0   0   1   1   0   0]
 [  0   6   3   3   1   0]
 [  0   6  90  42   4   0]
 [  1   4  41 147  30   4]
 [  0   0   4  26  56   4]
 [  0   0   0   4   4   8]]"
83,0.1,0.9,False,0.6510204081632653,"[[  0   0   1   1   0   0]
 [  1   4   3   4   1   0]
 [  0   1 110  33   5   2]
 [  0   4  31 143  24   6]
 [  0   1   3  32  52  10]
 [  0   0   1   3   4  10]]"
84,0.1,0.9,False,0.5979591836734693,"[[  0   0   2   2   0   0   0]
 [  1   7   4   4   0   0   0]
 [  0   6 103  42   9   2   0]
 [  1   2  37 128  35   4   0]
 [  0   0   6  23  49   3   2]
 [  0   0   3   1   8   6   0]
 [  0   0   0   0   0   0   0]]"
85,0.1,0.9,False,0.6020408163265306,"[[  0   0   1   0   1   0]
 [  1   1   8   3   0   1]
 [  2   4  92  35   6   1]
 [  0   3  49 144  26   6]
 [  0   1   7  24  49   5]
 [  0   1   2   4   4   9]]"
86,0.1,0.9,False,0.6020408163265306,"[[  0   0   0   0   0   0]
 [  0   7  15   3   2   0]
 [  2   4  95  33   6   0]
 [  0   3  52 151  32   3]
 [  0   1   5  23  41   2]
 [  0   0   0   4   5   1]]"
87,0.1,0.9,False,0.6428571428571429,"[[  0   0   0   2   0   0]
 [  0   3   1   7   0   0]
 [  0   7 112  41   9   1]
 [  0   3  38 143  21   9]
 [  0   1   6  23  47   2]
 [  0   0   0   2   2  10]]"
88,0.1,0.9,False,0.5877551020408164,"[[  0   2   2   0   1   0]
 [  0   6   5   2   0   0]
 [  2   9  85  42   4   1]
 [  0   1  35 143  37   2]
 [  0   0   8  33  49   5]
 [  0   0   0   2   9   5]]"
89,0.1,0.9,False,0.673469387755102,"[[  0   0   1   0   0   0]
 [  0   9   6   2   1   0]
 [  0   5 112  32   8   1]
 [  0   3  34 142  27   4]
 [  0   1   5  15  59   6]
 [  0   0   1   3   5   8]]"
90,0.1,0.9,False,0.6061224489795919,"[[  0   1   1   0   0   0   0]
 [  0   4  11   3   2   0   0]
 [  0   5  95  42   8   0   1]
 [  0   2  34 147  27  10   0]
 [  0   1   8  24  41   3   0]
 [  0   1   1   3   4  10   0]
 [  0   0   0   0   1   0   0]]"
91,0.1,0.9,False,0.6408163265306123,"[[  0   1   1   2   0   0   0]
 [  0   8   5   3   0   1   0]
 [  2   4 119  36   6   0   1]
 [  0   2  38 130  27   6   0]
 [  0   0   8  16  47   9   0]
 [  0   0   0   3   5  10   0]
 [  0   0   0   0   0   0   0]]"
92,0.1,0.9,False,0.6224489795918368,"[[  0   1   1   1   0   0]
 [  0   0   4   5   2   0]
 [  0  10 100  34   7   2]
 [  0   5  34 147  35   4]
 [  1   2   4  22  51   4]
 [  0   0   1   1   5   7]]"
93,0.1,0.9,False,0.6448979591836734,"[[  0   0   0   0   0   0   0]
 [  0   7   3   9   2   0   0]
 [  1   6 103  34   7   0   0]
 [  0   3  33 140  27   4   0]
 [  0   0   6  27  57   1   0]
 [  0   0   0   5   5   9   0]
 [  0   0   1   0   0   0   0]]"
94,0.1,0.9,False,0.5979591836734693,"[[  0   0   1   1   0   0   0]
 [  0   6   7   5   2   0   0]
 [  0   4  79  44  11   2   0]
 [  0   2  38 151  30   4   0]
 [  0   1   6  28  50   5   0]
 [  0   0   0   3   2   7   0]
 [  0   0   0   1   0   0   0]]"
95,0.1,0.9,False,0.5897959183673469,"[[  0   1   1   0   0   0   0]
 [  0   2   7   2   1   0   0]
 [  1   5 104  41   4   2   0]
 [  0   5  47 123  22   5   0]
 [  0   1   6  36  51   4   0]
 [  0   0   0   5   4   9   1]
 [  0   0   0   0   0   0   0]]"
96,0.1,0.9,False,0.5795918367346938,"[[  0   0   1   0   0   0   0]
 [  0   3   2   5   1   0   0]
 [  1   4  85  39   6   1   0]
 [  1   5  56 142  36   2   0]
 [  0   0   1  23  48   5   1]
 [  0   0   1   7   6   6   0]
 [  0   0   0   0   1   1   0]]"
97,0.1,0.9,False,0.6306122448979592,"[[  0   0   1   2   0   0   0]
 [  1   2   8   7   1   0   0]
 [  0   4  80  29   7   1   0]
 [  0   3  39 167  21   8   0]
 [  0   2   2  30  51   2   0]
 [  0   1   3   4   4   9   0]
 [  0   0   0   1   0   0   0]]"
98,0.1,0.9,False,0.6020408163265306,"[[  0   0   1   3   0   0   0]
 [  0   6   4   5   1   0   0]
 [  0   4  92  35   8   0   0]
 [  0   1  36 139  30   6   0]
 [  0   2   6  32  46  12   0]
 [  0   1   0   4   3  12   0]
 [  0   0   0   1   0   0   0]]"
99,0.1,0.9,False,0.6081632653061224,"[[  0   0   1   0   1   0]
 [  0   3   4   8   0   1]
 [  2   5  98  33   7   1]
 [  1   1  40 138  38   3]
 [  0   0   6  23  52   3]
 [  0   0   1   5   8   7]]"
100,0.1,0.9,False,0.6326530612244898,"[[  0   1   0   1   0   0   0]
 [  0   8   8   4   2   0   0]
 [  3  10  88  28   1   2   0]
 [  0   3  34 147  31   8   0]
 [  1   1   7  22  59   5   0]
 [  0   0   2   1   4   8   0]
 [  0   1   0   0   0   0   0]]"
1,0.1,0.9,True,0.6183673469387755,"[[  0   0   2   0   0   0]
 [  0   6   8   3   1   1]
 [  1   4  90  37   5   2]
 [  0   1  46 165  23   8]
 [  0   0   6  20  38  10]
 [  0   0   0   5   4   4]]"
2,0.1,0.9,True,0.6244897959183674,"[[  0   1   1   2   0   1   0]
 [  0   6   3   1   1   0   0]
 [  1   3  98  28   5   2   0]
 [  0   3  44 144  32   6   0]
 [  0   0   8  27  51   3   0]
 [  0   0   1   5   5   7   0]
 [  0   0   1   0   0   0   0]]"
3,0.1,0.9,True,0.5897959183673469,"[[  0   0   0   0   0   0   0]
 [  1   6   7   4   2   0   0]
 [  0  10  93  32   7   1   0]
 [  0   6  46 136  30   7   0]
 [  0   2   3  23  48   5   2]
 [  0   0   1   3   8   6   0]
 [  0   0   0   1   0   0   0]]"
4,0.1,0.9,True,0.6265306122448979,"[[  0   0   0   1   1   0   0]
 [  0   5   9   5   0   0   0]
 [  2   7  89  38   7   1   0]
 [  1   2  37 156  36   7   1]
 [  0   1   2  15  50   4   0]
 [  0   0   0   3   3   7   0]
 [  0   0   0   0   0   0   0]]"
5,0.1,0.9,True,0.610204081632653,"[[  0   0   1   2   0   0   0]
 [  0   5   7   3   0   0   0]
 [  2   6  94  44  10   2   1]
 [  3   0  33 130  31   3   0]
 [  1   0   2  21  61   4   0]
 [  0   0   1   6   7   9   0]
 [  0   0   0   0   0   1   0]]"
6,0.1,0.9,True,0.636734693877551,"[[  0   0   0   1   0   0]
 [  1   5   7   2   0   2]
 [  0  10  99  40   3   1]
 [  0   2  37 148  22   6]
 [  0   0   6  26  45   3]
 [  0   0   1   5   3  15]]"
7,0.1,0.9,True,0.6081632653061224,"[[  0   0   0   1   0   0   0]
 [  0   3   4   5   0   0   0]
 [  0   5  94  40   9   1   0]
 [  0   4  41 143  25   5   1]
 [  0   2   9  25  47   1   0]
 [  0   0   1   5   7  11   0]
 [  0   0   0   1   0   0   0]]"
8,0.1,0.9,True,0.563265306122449,"[[  0   0   0   1   1   0]
 [  0   3   5   6   1   0]
 [  0   3  82  46   7   1]
 [  0   3  39 141  28   5]
 [  0   1   8  47  45   3]
 [  0   1   1   4   3   5]]"
9,0.1,0.9,True,0.6408163265306123,"[[  0   0   1   0   2   0]
 [  1   4   9   0   3   0]
 [  1   3 101  36  11   2]
 [  1   4  31 141  22   4]
 [  0   0   6  21  58   6]
 [  0   0   4   3   5  10]]"
10,0.1,0.9,True,0.6510204081632653,"[[  0   0   0   0   1   0   0]
 [  1   3   4   6   2   0   0]
 [  2  10  95  27   5   1   0]
 [  0   2  34 167  31   4   0]
 [  0   1   3  25  47   5   1]
 [  0   0   0   4   2   7   0]
 [  0   0   0   0   0   0   0]]"
11,0.1,0.9,True,0.6326530612244898,"[[  0   1   1   2   0   0   0]
 [  0   3   4   6   1   0   0]
 [  0   8  85  41   6   1   0]
 [  0   4  35 143  24   6   0]
 [  0   0   3  25  66   5   0]
 [  0   0   0   4   2  13   0]
 [  0   0   0   0   0   1   0]]"
12,0.1,0.9,True,0.6224489795918368,"[[  0   0   2   1   1   0   0]
 [  0   6   5   4   1   0   0]
 [  2   4  95  30   8   2   0]
 [  0   1  38 143  31   4   0]
 [  0   2   5  29  52   6   0]
 [  0   0   2   4   2   9   0]
 [  0   0   0   0   0   1   0]]"
13,0.1,0.9,True,0.5714285714285714,"[[  0   0   1   1   0   0   0]
 [  0   8   3   5   0   0   0]
 [  1   6  86  33   8   1   0]
 [  1   5  51 135  35   4   2]
 [  0   0  13  25  39   6   0]
 [  0   0   1   6   2  12   0]
 [  0   0   0   0   0   0   0]]"
14,0.1,0.9,True,0.5897959183673469,"[[  0   0   1   1   1   0]
 [  0   7   7   4   0   0]
 [  0   5  78  52  10   4]
 [  0   1  42 153  16   4]
 [  0   3   6  31  43   1]
 [  0   0   2   2   8   8]]"
15,0.1,0.9,True,0.6122448979591837,"[[  0   2   0   1   0   0]
 [  0   3   8   4   3   1]
 [  2   8  98  39   7   2]
 [  0   2  35 141  22   5]
 [  0   1   1  33  48   6]
 [  0   0   0   3   5  10]]"
16,0.1,0.9,True,0.636734693877551,"[[  0   1   1   1   0   0   0]
 [  0   7   2   1   0   1   0]
 [  2   7  98  38  10   3   0]
 [  0   3  34 138  24   5   0]
 [  0   2   3  26  59   3   0]
 [  0   0   1   1   8  10   0]
 [  0   0   0   1   0   0   0]]"
17,0.1,0.9,True,0.6081632653061224,"[[  0   0   5   0   0   0]
 [  0   2   6   5   1   0]
 [  1   2 110  45   8   0]
 [  1   2  46 121  28   3]
 [  0   0   6  23  49   2]
 [  0   0   0   4   4  16]]"
18,0.1,0.9,True,0.610204081632653,"[[  0   2   1   0   0   1   0]
 [  0   0  10   7   1   0   0]
 [  1   6 108  32   4   2   0]
 [  0   8  37 140  31   2   0]
 [  0   0   5  21  46   7   0]
 [  0   0   0   2   8   5   0]
 [  0   0   0   1   1   1   0]]"
19,0.1,0.9,True,0.610204081632653,"[[  0   0   0   0   0   0   0]
 [  0   4   7   3   1   0   0]
 [  1   8  94  32   4   0   1]
 [  2   7  49 142  22   9   0]
 [  0   2   6  27  56   4   0]
 [  0   0   1   2   3   3   0]
 [  0   0   0   0   0   0   0]]"
20,0.1,0.9,True,0.6142857142857143,"[[  0   0   2   0   0   0   0]
 [  0   2   7   5   0   0   0]
 [  2   4  84  38   7   3   0]
 [  0   6  37 151  34   4   1]
 [  0   0   5  22  54   3   0]
 [  0   0   0   5   4  10   0]
 [  0   0   0   0   0   0   0]]"
21,0.1,0.9,True,0.6163265306122448,"[[  0   0   2   0   0   0]
 [  0   5   4   4   2   1]
 [  0   6  93  46  12   0]
 [  1   2  31 138  28   7]
 [  0   1   4  25  59   5]
 [  0   0   0   4   3   7]]"
22,0.1,0.9,True,0.6020408163265306,"[[  0   0   2   0   0   0   0]
 [  0   1   7   3   2   0   0]
 [  1   6  94  41   9   1   0]
 [  2   2  35 133  26   7   1]
 [  0   0   6  25  61   9   0]
 [  0   0   0   5   5   6   0]
 [  0   0   0   0   0   0   0]]"
23,0.1,0.9,True,0.5979591836734693,"[[  0   1   0   0   0   0]
 [  0   4  10   2   0   0]
 [  1   3  88  37   7   1]
 [  2   1  49 143  34   4]
 [  0   0   4  29  49   3]
 [  0   0   2   5   2   9]]"
24,0.1,0.9,True,0.6428571428571429,"[[  0   0   0   0   0   0   0]
 [  0   4   7   9   1   0   0]
 [  1   3 108  33   9   2   0]
 [  2   5  24 153  29   2   0]
 [  0   1   8  22  44   6   0]
 [  0   1   1   1   7   6   0]
 [  0   0   1   0   0   0   0]]"
25,0.1,0.9,True,0.6142857142857143,"[[  0   0   1   0   0   0   0]
 [  0   3   3   3   0   0   0]
 [  0   4  96  37   8   1   0]
 [  1   6  43 141  25   4   1]
 [  0   0   5  34  54   2   0]
 [  0   1   0   7   3   7   0]
 [  0   0   0   0   0   0   0]]"
26,0.1,0.9,True,0.6285714285714286,"[[  0   1   1   2   1   1   0]
 [  0   5   7   3   0   0   0]
 [  0   7  84  48   1   1   0]
 [  0   2  37 166  28   4   0]
 [  0   1   5  23  47   3   0]
 [  0   0   0   2   3   6   0]
 [  0   0   0   1   0   0   0]]"
27,0.1,0.9,True,0.6265306122448979,"[[  0   0   1   0   1   0   0]
 [  0   5   4   4   1   0   0]
 [  0   2  93  30   3   1   0]
 [  1   5  35 146  30   5   0]
 [  0   1   9  28  56   2   0]
 [  0   0   0  10   7   7   0]
 [  0   0   1   0   1   1   0]]"
28,0.1,0.9,True,0.6061224489795919,"[[  0   0   2   0   0   0]
 [  1   3   5   7   2   0]
 [  1   5 104  43   2   2]
 [  2   4  43 130  31   3]
 [  0   2   5  22  50   5]
 [  0   0   2   2   2  10]]"
29,0.1,0.9,True,0.6142857142857143,"[[  3   5   2   0   0   0]
 [  5  85  43   9   1   0]
 [  5  43 161  26   5   0]
 [  1   6  28  46   4   0]
 [  0   0   2   3   6   0]
 [  0   0   0   0   1   0]]"
30,0.1,0.9,True,0.6326530612244898,"[[  0   0   0   1   0   0   0]
 [  0   7   3   4   0   1   0]
 [  2   3  90  31   5   2   0]
 [  0   1  35 156  28   5   0]
 [  0   0   3  34  46   9   0]
 [  0   0   1   7   4  11   0]
 [  0   0   0   1   0   0   0]]"
31,0.1,0.9,True,0.6244897959183674,"[[  0   1   0   0   0   0]
 [  1   4   8   2   0   0]
 [  0   4  93  32  10   1]
 [  1   4  38 144  27   6]
 [  0   1   3  38  61   3]
 [  0   0   0   3   1   4]]"
32,0.1,0.9,True,0.6,"[[  0   0   2   1   1   0   0]
 [  0   3   3   6   2   0   1]
 [  0   2  72  38  10   1   0]
 [  0   3  36 153  30   7   0]
 [  0   1   5  26  58   6   0]
 [  0   0   2   8   4   8   0]
 [  0   0   0   0   1   0   0]]"
33,0.1,0.9,True,0.6448979591836734,"[[  0   0   1   1   1   1]
 [  1   1   7   5   0   0]
 [  1   6 107  38   2   2]
 [  0   6  33 144  25   4]
 [  0   1   5  26  52   0]
 [  0   0   0   4   4  12]]"
34,0.1,0.9,True,0.6346938775510204,"[[  0   0   1   0   0   0   0]
 [  0   5   5   4   1   0   0]
 [  0   7  90  37   8   3   0]
 [  0   6  25 159  37   2   0]
 [  0   1   9  20  46   6   0]
 [  0   0   0   3   3  11   0]
 [  0   0   0   0   0   1   0]]"
35,0.1,0.9,True,0.6122448979591837,"[[  0   0   1   1   0   0   0]
 [  1   3   8   5   3   0   0]
 [  2   4  92  42  11   0   1]
 [  0   4  36 145  20   6   0]
 [  0   0   6  24  52   6   0]
 [  0   0   2   3   4   8   0]
 [  0   0   0   0   0   0   0]]"
36,0.1,0.9,True,0.6326530612244898,"[[  0   0   2   0   0   0   0]
 [  0   4   6   2   0   1   0]
 [  1   2  97  33   8   5   0]
 [  0   5  35 156  28   5   0]
 [  0   1   5  28  46   4   0]
 [  0   0   1   3   4   7   0]
 [  0   0   0   0   1   0   0]]"
37,0.1,0.9,True,0.6285714285714286,"[[  0   1   0   0   0   0]
 [  0   4   8   4   0   0]
 [  1   2  93  34   8   2]
 [  0   5  31 147  24   5]
 [  1   1   8  31  54   7]
 [  0   0   1   3   5  10]]"
38,0.1,0.9,True,0.6469387755102041,"[[  0   0   0   0   2   0]
 [  0   2   3   8   2   0]
 [  0   3  95  32   8   3]
 [  1   5  39 152  27   1]
 [  0   0   6  22  57   3]
 [  0   0   1   5   2  11]]"
39,0.1,0.9,True,0.6040816326530613,"[[  0   0   1   0   2   0   0]
 [  1   2   2   6   0   0   0]
 [  3   4  86  38   7   1   0]
 [  0   2  42 146  33   4   0]
 [  0   1   1  24  51  10   0]
 [  1   0   0   6   4  11   1]
 [  0   0   0   0   0   0   0]]"
40,0.1,0.9,True,0.6163265306122448,"[[  0   1   1   1   0   0]
 [  0   4   5   7   1   0]
 [  0   7  96  33   3   0]
 [  0   6  46 156  31   8]
 [  0   0   8  16  38   4]
 [  0   0   0   6   4   8]]"
41,0.1,0.9,True,0.6163265306122448,"[[  0   1   0   0   0   0]
 [  0   4   8   3   1   0]
 [  0   5  95  37  12   4]
 [  0   6  46 140  27   6]
 [  0   1   5  16  54   3]
 [  0   0   1   3   3   9]]"
42,0.1,0.9,True,0.6204081632653061,"[[  0   0   0   0   0   0   0]
 [  0   4   4   2   1   0   0]
 [  0   6  92  33   9   1   0]
 [  3   5  42 145  28   8   0]
 [  0   0   1  28  57   2   0]
 [  0   0   0   6   6   6   0]
 [  0   0   0   1   0   0   0]]"
43,0.1,0.9,True,0.6693877551020408,"[[  0   0   0   1   0   0   0]
 [  0   9   7   3   0   0   0]
 [  1   4 101  30   7   1   0]
 [  0   3  34 150  24   5   0]
 [  0   1   6  27  60   1   0]
 [  0   0   1   3   2   8   1]
 [  0   0   0   0   0   0   0]]"
44,0.1,0.9,True,0.6265306122448979,"[[  0   0   0   0   2   0   0]
 [  0   8   7   2   0   0   0]
 [  0   2 100  43   9   0   0]
 [  2   2  33 131  29   3   0]
 [  0   0   5  24  57   7   0]
 [  0   0   1   3   8  11   1]
 [  0   0   0   0   0   0   0]]"
45,0.1,0.9,True,0.6530612244897959,"[[  0   0   3   1   1   0]
 [  0   4   5   2   1   0]
 [  0  13 125  31   7   1]
 [  0   1  38 139  17   4]
 [  0   2   6  26  46   4]
 [  0   0   0   5   2   6]]"
46,0.1,0.9,True,0.6265306122448979,"[[  0   0   0   1   0   0   0]
 [  0   9   5   5   0   0   0]
 [  0   5  89  32   5   1   0]
 [  0   4  50 155  35   1   0]
 [  0   0   8  18  49   4   0]
 [  0   0   0   3   3   5   1]
 [  0   0   0   1   0   1   0]]"
47,0.1,0.9,True,0.6122448979591837,"[[  0   0   0   2   1   0]
 [  0   4   7   6   2   0]
 [  0   9 102  39   7   1]
 [  0   1  28 136  24   8]
 [  0   2   6  25  48  10]
 [  0   0   0   8   4  10]]"
48,0.1,0.9,True,0.6122448979591837,"[[  0   0   0   2   1   0]
 [  0   8  10   2   0   0]
 [  0   5  87  30   3   3]
 [  1   1  45 136  42   6]
 [  0   1   3  23  56   1]
 [  0   0   2   5   4  13]]"
49,0.1,0.9,True,0.6469387755102041,"[[  0   0   0   0   0   0]
 [  0   3   7   5   2   0]
 [  1   9 119  24   5   0]
 [  1   2  42 144  31   7]
 [  0   0   4  21  45   5]
 [  0   0   1   3   3   6]]"
50,0.1,0.9,True,0.6265306122448979,"[[  0   0   1   1   0   0   0]
 [  0   3   5   4   1   0   0]
 [  0   4  98  41   8   0   0]
 [  1   2  49 154  19   6   1]
 [  0   1   3  23  42   4   0]
 [  0   0   0   5   4  10   0]
 [  0   0   0   0   0   0   0]]"
51,0.1,0.9,True,0.6204081632653061,"[[  0   0   0   1   0   0   0]
 [  0   4   9   8   0   0   0]
 [  1   4 105  40   8   2   0]
 [  1   4  33 131  25   6   0]
 [  0   1   9  20  59   7   2]
 [  0   0   0   2   3   5   0]
 [  0   0   0   0   0   0   0]]"
52,0.1,0.9,True,0.6346938775510204,"[[  0   0   0   0   0   1   0]
 [  0   6   3   3   0   0   0]
 [  2   9 101  34   8   2   0]
 [  0   2  36 140  27   5   0]
 [  0   1   6  27  57   6   0]
 [  0   0   0   2   4   7   0]
 [  0   0   0   0   1   0   0]]"
53,0.1,0.9,True,0.6081632653061224,"[[  0   1   3   0   0   0]
 [  0   5   4   4   0   0]
 [  0   8  97  39  11   0]
 [  2   5  42 136  29   6]
 [  0   1   4  26  52   5]
 [  0   0   0   1   1   8]]"
54,0.1,0.9,True,0.6612244897959184,"[[  0   0   0   0   2   0]
 [  0   9   5   1   1   0]
 [  0   6  96  46   3   1]
 [  0   2  28 161  22   6]
 [  0   0   5  29  55   3]
 [  0   0   1   2   3   3]]"
55,0.1,0.9,True,0.6224489795918368,"[[  0   1   2   0   1   0   0]
 [  1   2   2   0   0   0   0]
 [  0   8  96  28   7   1   0]
 [  1   2  38 148  27   5   0]
 [  0   2   7  36  50   7   0]
 [  0   1   0   4   3   9   0]
 [  0   0   0   1   0   0   0]]"
56,0.1,0.9,True,0.6224489795918368,"[[  0   1   0   1   0   0]
 [  0   6   6   4   0   0]
 [  0   7  94  31   6   1]
 [  2   4  40 145  32   6]
 [  1   1   3  28  55   6]
 [  0   0   0   4   1   5]]"
57,0.1,0.9,True,0.6306122448979592,"[[  0   0   1   1   0   0]
 [  0   8   1   2   1   1]
 [  0   3  99  40   5   0]
 [  0   9  41 143  28   3]
 [  0   0   4  28  54   4]
 [  0   0   1   3   5   5]]"
58,0.1,0.9,True,0.6448979591836734,"[[  0   0   0   0   1   0]
 [  0   6   2   7   0   0]
 [  0   6  92  37   5   1]
 [  0   3  41 143  38   2]
 [  1   0   5  17  66   2]
 [  0   0   1   3   2   9]]"
59,0.1,0.9,True,0.6285714285714286,"[[  0   0   1   0   1   0]
 [  0   3   8   3   2   0]
 [  0   5  91  44   5   1]
 [  1   4  28 142  26   5]
 [  0   0   8  24  63   5]
 [  0   0   4   2   5   9]]"
60,0.1,0.9,True,0.5877551020408164,"[[  0   0   0   1   0   0   0]
 [  0   0   4   7   0   0   0]
 [  0   9 102  35   7   0   0]
 [  0   4  43 132  34   3   0]
 [  0   0   3  30  45   9   0]
 [  0   0   2   8   2   9   0]
 [  0   0   0   0   1   0   0]]"
61,0.1,0.9,True,0.5816326530612245,"[[  0   0   1   0   0   0   0]
 [  0   8   7   4   1   0   0]
 [  1   4  85  45   4   0   0]
 [  0   5  41 133  36   8   0]
 [  0   0   6  25  51   4   0]
 [  0   1   2   6   3   8   0]
 [  0   0   0   1   0   0   0]]"
62,0.1,0.9,True,0.6428571428571429,"[[  0   0   2   0   0   0   0]
 [  0   2   7   9   0   1   0]
 [  0   4  97  37   6   0   0]
 [  1   3  36 144  20   2   1]
 [  0   1   7  29  65   5   0]
 [  0   0   2   1   1   7   0]
 [  0   0   0   0   0   0   0]]"
63,0.1,0.9,True,0.6265306122448979,"[[  0   0   3   0   0   0   0]
 [  0   6   5   3   1   0   0]
 [  0  10  94  37   7   3   0]
 [  0   2  40 148  29   9   0]
 [  0   0   5  14  50   6   1]
 [  0   0   0   2   6   9   0]
 [  0   0   0   0   0   0   0]]"
64,0.1,0.9,True,0.5959183673469388,"[[  0   2   1   0   0   0   0]
 [  0   3   4   4   0   0   0]
 [  1   8  78  39   4   0   0]
 [  2   7  43 150  24   5   0]
 [  1   0  13  23  51   2   0]
 [  0   1   1   6   6  10   0]
 [  0   0   0   0   1   0   0]]"
65,0.1,0.9,True,0.6346938775510204,"[[  0   1   0   1   0   0   0]
 [  0  11   8   5   0   0   0]
 [  0   4 103  36   5   1   0]
 [  1   4  38 145  21   9   1]
 [  0   0   2  29  45   4   0]
 [  0   0   0   2   7   7   0]
 [  0   0   0   0   0   0   0]]"
66,0.1,0.9,True,0.6265306122448979,"[[  0   0   2   1   0   0   0]
 [  0   6   9   6   1   1   0]
 [  0   5  92  41   3   0   0]
 [  2   4  37 147  22   6   0]
 [  0   3   7  21  49   3   0]
 [  0   0   1   5   2  13   0]
 [  0   0   0   1   0   0   0]]"
67,0.1,0.9,True,0.6285714285714286,"[[  0   0   0   2   0   0   0]
 [  0   6   6   9   0   0   0]
 [  0  10  97  44   8   1   0]
 [  2   4  37 146  20   3   0]
 [  0   3   1  23  55   5   0]
 [  0   0   1   1   1   4   0]
 [  0   0   0   0   1   0   0]]"
68,0.1,0.9,True,0.6346938775510204,"[[  0   2   2   0   1   0]
 [  1   3   5   0   1   0]
 [  0   9 101  36   4   3]
 [  0   2  40 153  26   6]
 [  0   1   2  19  46   6]
 [  0   0   1   4   8   8]]"
69,0.1,0.9,True,0.6469387755102041,"[[  0   0   0   1   0   0]
 [  0   5   7   3   1   1]
 [  1   8 115  46   4   1]
 [  2   4  31 139  21   5]
 [  1   0   2  21  49   4]
 [  0   0   0   6   3   9]]"
70,0.1,0.9,True,0.6244897959183674,"[[  0   0   1   0   0   1   0]
 [  1   8   4   0   1   0   0]
 [  1   6 104  30  11   0   0]
 [  1   6  44 134  20   4   0]
 [  1   1   6  31  52   3   0]
 [  0   0   0   6   1   8   1]
 [  0   0   0   2   1   0   0]]"
71,0.1,0.9,True,0.6326530612244898,"[[  0   1   2   1   0   0   0]
 [  0   3   6   4   1   0   0]
 [  0   4  89  43  12   0   0]
 [  0   3  32 157  20   9   0]
 [  0   2   2  21  56   9   1]
 [  0   0   2   0   3   5   1]
 [  0   0   0   1   0   0   0]]"
72,0.1,0.9,True,0.6551020408163265,"[[  0   0   1   0   0   0   0]
 [  0   8   7   4   1   0   0]
 [  0   2  95  29   7   0   0]
 [  1   2  41 168  29   7   0]
 [  0   0   1  22  45   4   1]
 [  0   0   0   5   3   5   0]
 [  0   0   0   0   0   2   0]]"
73,0.1,0.9,True,0.5836734693877551,"[[  0   0   1   0   0   0]
 [  0   2   8   5   1   0]
 [  0  12  86  45   6   0]
 [  0   8  35 152  28   5]
 [  1   1   7  26  39   3]
 [  0   0   3   5   4   7]]"
74,0.1,0.9,True,0.636734693877551,"[[  0   0   0   2   0   0]
 [  1   6   5   2   1   1]
 [  1   8  91  37   4   3]
 [  0   3  31 147  26   6]
 [  0   0   8  23  56   3]
 [  0   0   0   7   6  12]]"
75,0.1,0.9,True,0.6346938775510204,"[[  0   1   0   0   0   0]
 [  0   4   4   6   1   0]
 [  0   7  93  41   4   0]
 [  2   2  30 162  29   5]
 [  0   2   8  28  45   6]
 [  0   0   0   2   1   7]]"
76,0.1,0.9,True,0.6408163265306123,"[[  0   0   1   0   0   0]
 [  0   9   8   3   1   0]
 [  0   5 102  52   1   3]
 [  0   3  24 146  21   3]
 [  0   0   5  37  47   2]
 [  0   0   0   3   4  10]]"
77,0.1,0.9,True,0.6224489795918368,"[[  0   0   2   0   1   0   0]
 [  0   6   5   3   1   0   0]
 [  1   6  92  33   5   3   0]
 [  0   1  42 149  31   8   0]
 [  0   3   6  23  53   1   0]
 [  0   0   1   6   2   5   0]
 [  0   0   0   0   1   0   0]]"
78,0.1,0.9,True,0.6224489795918368,"[[  0   0   1   0   1   0   0]
 [  0   2   7   4   1   1   0]
 [  2   5  97  36  11   0   0]
 [  0   1  40 146  28   2   0]
 [  0   1   9  25  53   2   0]
 [  0   0   0   3   3   7   0]
 [  0   0   0   2   0   0   0]]"
79,0.1,0.9,True,0.6142857142857143,"[[  0   0   0   1   1   0]
 [  1   3   3   3   2   0]
 [  0   7  91  45   6   3]
 [  0   2  32 149  24   8]
 [  0   2   8  29  52   5]
 [  0   0   1   3   3   6]]"
80,0.1,0.9,True,0.6204081632653061,"[[  0   0   1   1   0   1   0]
 [  0   6   5   8   0   1   0]
 [  0   6  93  40   4   1   0]
 [  0   3  36 149  21   3   0]
 [  0   0   2  40  48   2   0]
 [  0   0   3   1   6   8   0]
 [  0   0   0   1   0   0   0]]"
81,0.1,0.9,True,0.6448979591836734,"[[  0   0   0   0   1   0   0]
 [  2   5   4   3   0   1   0]
 [  0   3  98  28   7   1   0]
 [  0   5  34 149  25   3   0]
 [  0   2   7  32  57   6   0]
 [  0   0   1   4   4   7   0]
 [  0   0   1   0   0   0   0]]"
82,0.1,0.9,True,0.6020408163265306,"[[  0   0   1   0   0   0   0]
 [  0   7   3   2   0   0   0]
 [  1  10  93  43   6   2   0]
 [  3   1  45 139  32   2   0]
 [  0   2   2  25  43   4   0]
 [  0   0   0   8   2  13   0]
 [  0   0   0   0   1   0   0]]"
83,0.1,0.9,True,0.6346938775510204,"[[  0   0   0   0   0   0   0]
 [  0   6   6   4   0   0   0]
 [  0   1 107  28   8   1   0]
 [  0   2  44 137  28   3   0]
 [  1   0   7  27  54   7   1]
 [  0   0   0   4   6   7   0]
 [  0   0   0   1   0   0   0]]"
84,0.1,0.9,True,0.6306122448979592,"[[  0   0   0   0   0   0   0]
 [  0  10  11   4   1   0   0]
 [  0   5  87  29   6   2   0]
 [  0   4  41 150  32   2   0]
 [  1   1   6  27  55   2   0]
 [  0   1   0   3   2   7   0]
 [  0   0   0   0   1   0   0]]"
85,0.1,0.9,True,0.6387755102040816,"[[  0   1   1   1   1   0]
 [  0   4   7   3   2   0]
 [  1   5 112  40   2   2]
 [  0   4  42 134  24   3]
 [  1   0   6  22  58   3]
 [  0   0   1   1   4   5]]"
86,0.1,0.9,True,0.6408163265306123,"[[  0   0   1   1   0   0   0]
 [  0   7   5   3   1   0   0]
 [  0   3  94  31   5   0   0]
 [  1   1  37 158  41   5   0]
 [  0   0   3  22  50   6   0]
 [  0   0   1   5   3   5   0]
 [  0   0   0   0   0   1   0]]"
87,0.1,0.9,True,0.6204081632653061,"[[  0   0   3   0   0   0   0]
 [  1   6   8   3   1   0   0]
 [  0   6  98  38   2   1   0]
 [  0   5  41 136  32   3   0]
 [  0   0   9  17  59   4   0]
 [  0   0   1   6   3   5   1]
 [  0   0   1   0   0   0   0]]"
88,0.1,0.9,True,0.6346938775510204,"[[  0   0   0   0   0   0   0]
 [  0   4   6   6   1   0   0]
 [  1   7 105  32   4   0   0]
 [  0   2  40 137  18   4   0]
 [  0   1   9  29  53   3   1]
 [  0   0   1   8   6  12   0]
 [  0   0   0   0   0   0   0]]"
89,0.1,0.9,True,0.6306122448979592,"[[  0   1   0   0   0   1]
 [  0   8   4   8   0   1]
 [  1  10 101  28  16   2]
 [  0   2  38 148  30   7]
 [  0   0   7  19  41   2]
 [  0   0   0   2   2  11]]"
90,0.1,0.9,True,0.6408163265306123,"[[  0   0   0   3   0   0   0]
 [  0   5   7   4   0   0   0]
 [  0   4  95  29   9   1   0]
 [  0   3  43 149  31   3   1]
 [  0   1   4  20  54   5   0]
 [  0   0   1   1   5  11   0]
 [  0   0   0   0   1   0   0]]"
91,0.1,0.9,True,0.6,"[[  0   0   1   0   0   0]
 [  0   2  10   5   2   0]
 [  0   3  97  37  12   2]
 [  2   3  41 149  29   2]
 [  0   1   6  27  40   3]
 [  0   0   1   5   4   6]]"
92,0.1,0.9,True,0.6530612244897959,"[[  0   0   2   0   1   0   0]
 [  0   6   5   0   1   0   0]
 [  1   7 114  32  10   0   0]
 [  0   4  36 147  34   5   0]
 [  0   0   4  18  48   3   0]
 [  0   0   0   5   1   5   1]
 [  0   0   0   0   0   0   0]]"
93,0.1,0.9,True,0.6244897959183674,"[[  0   0   2   0   0   0]
 [  0   6   6   9   1   0]
 [  1   1  91  43   7   0]
 [  0   4  25 148  37   6]
 [  0   0   3  28  52   7]
 [  0   0   1   2   1   9]]"
94,0.1,0.9,True,0.6244897959183674,"[[  0   0   0   1   1   0]
 [  0   3   5   5   1   0]
 [  1   3  97  31   8   1]
 [  1   3  41 154  21   5]
 [  0   2   8  31  48   5]
 [  0   0   1   6   3   4]]"
95,0.1,0.9,True,0.6040816326530613,"[[  0   0   0   1   0   0   0]
 [  0   5   6   4   0   0   0]
 [  0   6  92  56   8   2   0]
 [  1   3  37 151  23   6   0]
 [  0   0   6  25  43   3   0]
 [  0   0   1   4   1   5   0]
 [  0   0   0   0   1   0   0]]"
96,0.1,0.9,True,0.6306122448979592,"[[  0   1   1   2   0   0   0]
 [  0   3   6   3   0   0   0]
 [  1   6  93  41   6   1   0]
 [  1   4  29 163  38   1   0]
 [  0   0   5  20  44   5   1]
 [  0   0   0   3   6   6   0]
 [  0   0   0   0   0   0   0]]"
97,0.1,0.9,True,0.6020408163265306,"[[  0   0   1   1   0   0   0]
 [  0   3   6   3   0   0   0]
 [  0   8  96  33   4   1   0]
 [  1   3  37 140  37   7   0]
 [  0   2   2  34  48   2   0]
 [  0   0   0   4   8   8   0]
 [  0   0   0   1   0   0   0]]"
98,0.1,0.9,True,0.6265306122448979,"[[  0   0   0   1   0   0   0]
 [  1   5   5   4   1   0   0]
 [  2   4 115  39   4   3   0]
 [  0   2  43 125  27   3   0]
 [  0   1   6  22  56   6   0]
 [  0   0   1   1   5   6   1]
 [  0   0   0   1   0   0   0]]"
99,0.1,0.9,True,0.6204081632653061,"[[  0   0   1   0   0   0]
 [  0   2  12   4   0   0]
 [  1   6  88  44   6   0]
 [  0   4  28 147  37   5]
 [  0   1   3  17  54   7]
 [  0   0   1   5   4  13]]"
100,0.1,0.9,True,0.6244897959183674,"[[  0   0   0   0   0   0   0]
 [  0   7   5   3   0   0   0]
 [  0   6  99  48  10   0   0]
 [  0   3  34 152  18   8   0]
 [  1   2   6  28  39   7   1]
 [  0   0   1   1   2   9   0]
 [  0   0   0   0   0   0   0]]"
1,0.3,0.7,False,0.591156462585034,"[[  0   0   2   2   1   0   0]
 [  0  17  19  13   1   0   0]
 [  4  20 282 113  21   6   0]
 [  2  16 136 389  82  13   0]
 [  0   1  19  91 157  15   1]
 [  0   0   2   8  12  24   0]
 [  0   0   0   1   0   0   0]]"
2,0.3,0.7,False,0.5775510204081633,"[[  0   0   1   6   0   0   0]
 [  0  10   9  16   2   0   0]
 [  2  25 261 125  23   4   0]
 [  1   9 107 421 113  11   0]
 [  1   1  27  80 137  25   1]
 [  0   0   5  14  11  20   0]
 [  0   0   0   0   1   1   0]]"
3,0.3,0.7,False,0.6054421768707483,"[[  0   1   4   2   1   0   0]
 [  1  17  14   9   2   0   0]
 [  1  21 274 113  23   6   0]
 [  3  10 105 419  93  13   0]
 [  0   3  25  76 153  17   3]
 [  0   0   2  13  17  27   0]
 [  0   0   0   1   0   1   0]]"
4,0.3,0.7,False,0.5870748299319728,"[[  0   0   2   3   2   0   0]
 [  1  12  18  12   0   1   0]
 [  3  19 261 117  28   1   0]
 [  0   8 118 416  98  17   1]
 [  0   6  18  78 152  20   4]
 [  0   0   8  10  14  22   0]
 [  0   0   0   0   0   0   0]]"
5,0.3,0.7,False,0.5863945578231292,"[[  0   1   1   0   0   0   0]
 [  1  15  21  11   4   1   0]
 [  4  20 280 126  18   1   0]
 [  2  16 138 396  69  14   0]
 [  0   2  17  91 145  12   0]
 [  3   0   3  18  11  26   0]
 [  0   0   0   2   0   1   0]]"
6,0.3,0.7,False,0.5945578231292517,"[[  0   2   1   1   1   0   0]
 [  2  13  17  13   3   1   0]
 [  3  21 283 105  21   4   0]
 [  0  15 111 420  84  20   2]
 [  0   5  23  80 135  17   1]
 [  0   0   3  17  21  23   0]
 [  0   0   1   0   0   1   0]]"
7,0.3,0.7,False,0.5891156462585034,"[[  0   0   5   2   0   0   0]
 [  0  15  15  13   4   1   0]
 [  2  22 256 120  30   3   0]
 [  0   5 128 441  80  21   0]
 [  0   2  13  88 130  15   0]
 [  0   1   1  16  16  24   0]
 [  0   0   0   0   0   1   0]]"
8,0.3,0.7,False,0.6122448979591837,"[[  0   0   1   1   1   0   0]
 [  0  13  15  17   2   0   0]
 [  1   9 287 105  26   4   0]
 [  1   6 118 430  91  22   3]
 [  0   3  17  77 146  18   1]
 [  0   0   2  16  11  24   0]
 [  0   0   1   0   0   1   0]]"
9,0.3,0.7,False,0.5816326530612245,"[[  0   3   2   3   1   0   0]
 [  0   9  23  15   5   2   0]
 [  0  15 250 133  22   6   0]
 [  0  24 117 432  84  16   2]
 [  0   0  17  81 143  18   1]
 [  0   0   3   8  14  21   0]
 [  0   0   0   0   0   0   0]]"
10,0.3,0.7,False,0.5680272108843537,"[[  0   1   3   1   0   0   0]
 [  4  17  15  12   3   0   0]
 [  4  18 273 135   8   2   0]
 [  3  10 150 372  95  11   0]
 [  1   3  17  91 151  10   0]
 [  0   1   5  17  12  21   0]
 [  0   0   0   2   1   0   1]]"
11,0.3,0.7,False,0.5938775510204082,"[[  0   0   5   0   1   0   0]
 [  0  19  22   8   3   0   1]
 [  2  13 275 108  30   1   1]
 [  3   9 126 426 105  18   0]
 [  0   1  16  75 134  18   1]
 [  0   1   2  14  10  19   0]
 [  0   0   0   1   2   0   0]]"
12,0.3,0.7,False,0.5897959183673469,"[[  0   0   5   3   2   0   0]
 [  0  19  19  10   4   0   0]
 [  1  21 272 124  22   4   0]
 [  3  10 128 402  85  27   0]
 [  0   2  14  77 151  14   0]
 [  0   0   2  14   9  23   0]
 [  0   0   1   0   2   0   0]]"
13,0.3,0.7,False,0.5891156462585034,"[[  0   0   3   1   1   1   0]
 [  0   9  16  13   4   1   0]
 [  1  15 291 127  23   3   0]
 [  0   8 110 399 106  15   0]
 [  0   0  19  88 147  12   0]
 [  0   0   3  13  18  20   1]
 [  0   1   0   0   1   0   0]]"
14,0.3,0.7,False,0.5564625850340136,"[[  0   1   1   2   1   0   0]
 [  1  10  18  10   2   0   0]
 [  3  20 250 128  27   3   0]
 [  1  19 143 389  92  20   0]
 [  0   3  26  92 149  11   0]
 [  0   0   4  10  12  20   0]
 [  0   0   0   1   1   0   0]]"
15,0.3,0.7,False,0.5891156462585034,"[[  1   0   2   4   1   0   0]
 [  0  12  20  12   3   0   0]
 [  1  27 259 135  29   1   0]
 [  0  12 107 420  98  17   0]
 [  1   3  19  72 148  15   0]
 [  0   1   1   6  15  26   0]
 [  0   0   0   1   0   1   0]]"
16,0.3,0.7,False,0.5986394557823129,"[[  0   0   0   1   0   0   0]
 [  0  15  19  19   1   0   0]
 [  2   9 278 115  36  10   0]
 [  1  12 103 400 110  17   0]
 [  0   2  13  80 164  16   1]
 [  0   0   1  11  11  23   0]
 [  0   0   0   0   0   0   0]]"
17,0.3,0.7,False,0.5653061224489796,"[[  0   0   2   1   0   0   0]
 [  0  14  15   7   7   1   0]
 [  1  26 238 124  30   2   0]
 [  1  18 119 423 101  18   3]
 [  1   2  16  97 135  12   0]
 [  0   0   6  11  16  21   0]
 [  0   1   0   0   1   0   0]]"
18,0.3,0.7,False,0.5768707482993197,"[[  0   1   0   4   1   0   0]
 [  0  15  24  12   3   0   0]
 [  2  21 279 112  25   1   0]
 [  1  14 131 389  85  16   2]
 [  0   4  21  86 139  13   0]
 [  0   0   2  23  15  26   1]
 [  0   1   0   0   0   1   0]]"
19,0.3,0.7,False,0.5687074829931973,"[[  0   1   2   0   0   0   0]
 [  2   7  22  19   3   0   0]
 [  1  21 270 131  20   1   0]
 [  3  17 124 401  95  18   0]
 [  0   1  22  88 139  10   0]
 [  0   0   3  18  11  19   0]
 [  0   0   0   0   1   0   0]]"
20,0.3,0.7,False,0.5782312925170068,"[[  0   1   3   1   1   0   0]
 [  1  13  16  12   3   2   0]
 [  1  26 240 132  21   3   0]
 [  3  11 121 438  85  19   0]
 [  1   0  19  93 139  13   0]
 [  0   0   4  15  12  20   0]
 [  0   0   0   0   1   0   0]]"
21,0.3,0.7,False,0.5816326530612245,"[[  0   1   2   4   1   0   0]
 [  0  15  18  23   2   1   0]
 [  2  17 282 120  19   3   0]
 [  3  12 115 388  96  17   0]
 [  1   1  17  83 146  27   0]
 [  0   0   3  16  10  24   0]
 [  0   0   0   0   1   0   0]]"
22,0.3,0.7,False,0.5802721088435374,"[[  0   1   4   3   0   0   0]
 [  0  13  13  10   3   0   0]
 [  0  30 262 136  18   7   0]
 [  1  14 118 422  83  22   0]
 [  0   1  17  91 134  15   0]
 [  0   1   3  11  13  22   0]
 [  0   0   0   2   0   0   0]]"
23,0.3,0.7,False,0.5979591836734693,"[[  0   0   2   2   0   0   0]
 [  1  15  23  14   3   0   0]
 [  3  13 289 117   9   5   0]
 [  1  10 138 406  85  18   1]
 [  0   1  21  83 141  14   0]
 [  0   2   2  12  11  28   0]
 [  0   0   0   0   0   0   0]]"
24,0.3,0.7,False,0.5653061224489796,"[[  0   0   1   3   1   1   0]
 [  0  12  20   7   2   0   0]
 [  4  16 228 126  26   3   0]
 [  0  14 125 425 113  22   0]
 [  0   1  15  76 146  16   0]
 [  0   1   2  18  23  20   0]
 [  0   0   0   1   2   0   0]]"
25,0.3,0.7,False,0.5795918367346938,"[[  0   0   3   3   1   0   0]
 [  1   9  19  20   5   0   0]
 [  0  22 263 117  20   8   0]
 [  0   7 141 418  93  15   2]
 [  1   0  21  77 131  10   0]
 [  0   1   5  14  10  31   0]
 [  0   0   0   0   2   0   0]]"
26,0.3,0.7,False,0.5816326530612245,"[[  0   0   2   0   1   1   0]
 [  0  15  26  14   3   0   0]
 [  2  12 266 129  23   5   0]
 [  1  15 112 413 100  16   1]
 [  0   2  21  82 134  18   0]
 [  0   0   2  14  10  27   0]
 [  0   0   0   2   1   0   0]]"
27,0.3,0.7,False,0.5986394557823129,"[[  0   1   2   4   0   0   0]
 [  0  15  16  12   3   0   0]
 [  1  20 268 119  27   2   0]
 [  2   9 118 421  93   9   0]
 [  1   6  23  81 156   9   0]
 [  0   0   3  12  15  20   0]
 [  0   0   1   0   1   0   0]]"
28,0.3,0.7,False,0.5755102040816327,"[[  0   1   4   4   0   0   0]
 [  0  10  17  16   5   0   0]
 [  2  20 267 145  25   4   0]
 [  0  11 121 417  92  19   0]
 [  1   1  17  79 129  11   0]
 [  0   0   1  14  11  23   2]
 [  0   0   0   1   0   0   0]]"
29,0.3,0.7,False,0.5918367346938775,"[[  0   0   3   4   0   0   0]
 [  0  16  18  10   3   1   0]
 [  1  16 274 110  17   7   0]
 [  1  12 134 417 104   9   0]
 [  1   4  30  71 142  14   0]
 [  0   0   1  11  15  21   0]
 [  0   0   1   1   0   1   0]]"
30,0.3,0.7,False,0.591156462585034,"[[  0   0   2   2   0   0   0]
 [  1  16  12  14   2   0   0]
 [  0  22 288 125  24   2   0]
 [  4  17 116 403  93  18   0]
 [  0   5  19  71 144  15   1]
 [  0   0   3  16  15  18   0]
 [  0   0   0   1   1   0   0]]"
31,0.3,0.7,False,0.5782312925170068,"[[  0   0   1   4   0   1   0]
 [  1  12  14  16   1   0   0]
 [  3  27 257 128  29   3   0]
 [  0  14 126 396  95  18   0]
 [  0   0  13  90 165   3   0]
 [  0   0   3  13  15  20   0]
 [  0   0   1   0   1   0   0]]"
32,0.3,0.7,False,0.6047619047619047,"[[  0   2   2   6   0   0   0]
 [  0  11  19  15   3   2   0]
 [  4  17 282  96  21   6   0]
 [  1  11 106 423  85   9   3]
 [  0   6  13 114 142  13   0]
 [  0   1   3  14   8  31   0]
 [  0   0   0   0   1   0   0]]"
33,0.3,0.7,False,0.5755102040816327,"[[  0   0   2   4   1   0   0]
 [  0  14  29  11   4   1   0]
 [  2  14 259 119  26   3   0]
 [  0  14 134 391 108  12   0]
 [  0   3  16  78 161  16   0]
 [  0   0   2  13  10  21   0]
 [  0   1   0   0   0   1   0]]"
34,0.3,0.7,False,0.5877551020408164,"[[  0   0   2   3   1   0]
 [  1  11  21  13   4   0]
 [  1  14 263 138  31   3]
 [  0   9 109 417  87  19]
 [  0   4  23  89 151  11]
 [  0   0   1  10  12  22]]"
35,0.3,0.7,False,0.5653061224489796,"[[  0   1   2   4   1   0   0]
 [  0  12  23  17   2   1   0]
 [  3  26 253 144  24   7   0]
 [  3   9 104 401  88  12   1]
 [  0   3  21  97 145   9   0]
 [  0   0   3  17  13  20   1]
 [  0   0   0   1   2   0   0]]"
36,0.3,0.7,False,0.5897959183673469,"[[  0   0   0   1   0   1   0]
 [  1   8  17  11   2   0   0]
 [  4  14 274 126  21   2   0]
 [  1  12 123 399  95  25   1]
 [  1   0  24  75 159  12   0]
 [  0   1   5  11  16  27   0]
 [  0   0   0   1   0   0   0]]"
37,0.3,0.7,False,0.5965986394557823,"[[  0   0   5   1   0   0   0]
 [  1  10  18  13   4   2   0]
 [  1  15 275 124  30   0   0]
 [  0  10 128 420  86  14   0]
 [  1   1  16  78 154  15   0]
 [  0   0   7  10  11  18   1]
 [  0   0   0   1   0   0   0]]"
38,0.3,0.7,False,0.5931972789115646,"[[  0   1   2   4   1   0   0]
 [  0  13  20  13   3   1   0]
 [  0  26 245 122  19   5   0]
 [  0  14 114 452  94  11   1]
 [  0   2  22  76 141  15   0]
 [  0   0   1  16  12  21   1]
 [  0   0   1   0   1   0   0]]"
39,0.3,0.7,False,0.5877551020408164,"[[  0   0   5   1   1   0   0]
 [  0  15  20  16   0   0   0]
 [  0  25 247 123  18   3   0]
 [  1  11 119 426  93  14   0]
 [  0   3  23  81 151  12   0]
 [  1   0   3  17  13  25   0]
 [  0   0   1   1   0   1   0]]"
40,0.3,0.7,False,0.582312925170068,"[[  0   2   3   1   0   0   0]
 [  0  15  24  13   3   1   0]
 [  1  21 279 118  20   2   0]
 [  3  19 135 395  89  19   0]
 [  0   4  24  79 146   8   0]
 [  0   1   1  15   7  21   0]
 [  0   0   0   0   0   1   0]]"
41,0.3,0.7,False,0.5897959183673469,"[[  0   1   2   1   0   0   0]
 [  0  14  17  12   1   0   0]
 [  1  16 268 132  17   5   1]
 [  1   9 128 413  87  16   2]
 [  0   3  18  96 147  14   1]
 [  0   0   3  13   6  25   0]
 [  0   0   0   0   0   0   0]]"
42,0.3,0.7,False,0.5877551020408164,"[[  0   1   4   1   1   0   0]
 [  0  11  17  17   1   0   0]
 [  2  10 279 134  19   6   0]
 [  1  12 127 422  77  19   0]
 [  0   1  18  86 130  24   1]
 [  1   1   1  13   9  22   0]
 [  0   0   1   1   0   0   0]]"
43,0.3,0.7,False,0.5891156462585034,"[[  0   0   5   1   0   0   0]
 [  2  13  18  15   0   0   0]
 [  1  10 255 135  20   2   0]
 [  0   9 124 407  83  19   0]
 [  1   1  21  94 164  14   1]
 [  0   0   4  14   8  27   1]
 [  0   0   0   0   1   0   0]]"
44,0.3,0.7,False,0.5843537414965987,"[[  0   1   2   2   2   0   0]
 [  0  17  19  12   3   0   0]
 [  2  24 250 139  24   4   0]
 [  2  14 110 420  96  10   1]
 [  0   2  27  68 151   8   1]
 [  0   0   6  11  20  21   0]
 [  0   0   0   1   0   0   0]]"
45,0.3,0.7,False,0.601360544217687,"[[  0   1   2   2   0   0   0]
 [  0  12  16   9   3   2   0]
 [  1  20 260 132  21   1   1]
 [  0  11 112 422 106  11   1]
 [  0   0  23  65 170  17   0]
 [  0   0   6  10  12  20   0]
 [  0   0   0   1   0   0   0]]"
46,0.3,0.7,False,0.5884353741496599,"[[  0   1   4   1   0   0   0]
 [  1  11  24  11   2   0   1]
 [  0  11 265 122  18   2   0]
 [  0  10 120 411 107  13   0]
 [  0   7  23  90 154  16   1]
 [  0   0   2   7  10  24   0]
 [  0   0   0   1   0   0   0]]"
47,0.3,0.7,False,0.5659863945578232,"[[  0   1   5   0   0   1   0]
 [  0  14  25  14   3   1   0]
 [  0  17 271 119  28   1   0]
 [  2  18 128 377 109  16   1]
 [  0   4  24  81 147  13   0]
 [  0   0   1  12  11  23   0]
 [  0   0   1   1   0   1   0]]"
48,0.3,0.7,False,0.5782312925170068,"[[  0   1   5   2   2   0   0]
 [  1  10  17  15   1   0   0]
 [  0  15 250 115  25   3   0]
 [  0  14 124 431  96  20   0]
 [  0   2  15  92 137  23   1]
 [  0   1   2  17  10  22   0]
 [  0   0   0   0   1   0   0]]"
49,0.3,0.7,False,0.5891156462585034,"[[  0   2   2   4   0   0   0]
 [  0  12  17  18   0   1   0]
 [  0  14 280 123  19   2   0]
 [  2  17 126 421  82  16   0]
 [  0   4  19  88 129   8   0]
 [  0   0   4  13  18  24   0]
 [  0   0   1   0   4   0   0]]"
50,0.3,0.7,False,0.5959183673469388,"[[  0   2   3   3   0   0   0]
 [  1  17  19  10   5   0   0]
 [  1  13 261 136  18   8   0]
 [  2  12 115 432  89  25   0]
 [  0   4  20  72 148  10   0]
 [  0   2   4   9   8  18   0]
 [  0   0   1   0   2   0   0]]"
51,0.3,0.7,False,0.591156462585034,"[[  0   0   1   2   1   0   0]
 [  1  15  11  14   5   0   0]
 [  2  25 264 110  28   2   0]
 [  0  17 122 418 101  12   0]
 [  0   4  19  88 146  10   0]
 [  0   0   5  10   9  26   0]
 [  0   0   0   1   1   0   0]]"
52,0.3,0.7,False,0.5877551020408164,"[[  0   0   5   4   2   0   0]
 [  0  15  23  13   2   0   0]
 [  3  16 252 123  25   2   0]
 [  2  15 130 409  85  20   0]
 [  0   5   9  75 159  18   1]
 [  0   0   2  13  11  29   1]
 [  0   0   0   0   1   0   0]]"
53,0.3,0.7,False,0.5972789115646259,"[[  0   0   1   3   0   0   0]
 [  1  15  22  13   2   1   0]
 [  1  15 275 110  18   4   0]
 [  1  15 136 405  73  19   0]
 [  2   2  19  84 164  13   0]
 [  1   0   0  21  14  19   0]
 [  0   0   0   0   0   1   0]]"
54,0.3,0.7,False,0.5653061224489796,"[[  0   1   3   3   0   0   0]
 [  0  14  16  15   4   1   0]
 [  3  15 262 141  22   8   0]
 [  0  11 136 399  84  23   0]
 [  0   1  18  87 127  17   0]
 [  0   0   3  11  15  29   0]
 [  0   0   0   1   0   0   0]]"
55,0.3,0.7,False,0.5829931972789115,"[[  0   1   2   1   1   0   0]
 [  1  17  16  11   3   1   0]
 [  2  20 263 125  26   1   1]
 [  2  10 113 409  97  25   0]
 [  0   2  21  93 149  11   0]
 [  0   0   0   8  15  19   2]
 [  0   0   0   1   1   0   0]]"
56,0.3,0.7,False,0.5829931972789115,"[[  0   1   2   1   0   1   0]
 [  0  17  14  12   1   0   0]
 [  2  16 268 123  23   0   0]
 [  1  16 124 415  88  14   0]
 [  0   1  18 107 138  15   0]
 [  2   0   2  14  14  19   0]
 [  0   0   0   0   0   1   0]]"
57,0.3,0.7,False,0.6108843537414966,"[[  0   0   3   1   0   0   0]
 [  1  14  14   9   2   1   0]
 [  0  16 273 102  34   3   0]
 [  3  14 120 434 105  12   0]
 [  1   3  13  72 149   9   0]
 [  0   2   2  17  10  28   0]
 [  0   0   0   1   1   1   0]]"
58,0.3,0.7,False,0.5795918367346938,"[[  0   0   0   3   0   0   0]
 [  0   8  22  17   6   1   0]
 [  3  20 263 130  22   2   0]
 [  1  11 120 422  77  16   0]
 [  0   4  22  82 143  19   0]
 [  0   0   1  20  17  16   0]
 [  0   1   0   0   1   0   0]]"
59,0.3,0.7,False,0.5877551020408164,"[[  0   0   3   2   1   0   0]
 [  1  20  18  19   1   0   0]
 [  1   6 256 142  25   3   0]
 [  1   8 125 421  90  23   0]
 [  0   2  22  68 147  17   1]
 [  0   1   2   9  13  20   1]
 [  0   0   1   0   0   0   0]]"
60,0.3,0.7,False,0.5789115646258504,"[[  0   0   2   2   0   0   0]
 [  0  19  23  10   1   0   0]
 [  0  18 261 121  25   4   1]
 [  2  20 112 404  93  15   0]
 [  0   4  20  94 151  13   1]
 [  0   0   2  15  18  16   0]
 [  0   0   1   1   0   1   0]]"
61,0.3,0.7,False,0.580952380952381,"[[  0   2   5   1   0   0]
 [  0   6  24  20   2   0]
 [  0   9 282 114  28   6]
 [  1  10 135 392  99  28]
 [  0   3  17  64 149  19]
 [  0   3   2  14  10  25]]"
62,0.3,0.7,False,0.5959183673469388,"[[  0   0   0   1   1   0   0]
 [  0   6  23  10   1   1   0]
 [  1  14 267 136  25   4   0]
 [  0  12 122 427  78  12   1]
 [  0   0  19  91 151  16   0]
 [  0   0   1  16   7  25   1]
 [  0   0   0   1   0   0   0]]"
63,0.3,0.7,False,0.6197278911564625,"[[  0   0   1   1   1   1   0]
 [  0  19  12  14   7   1   0]
 [  1  24 275  94  24   7   0]
 [  0  12 109 434  77  18   0]
 [  0   1  19  88 157  14   1]
 [  0   1   4  11  13  26   1]
 [  0   0   1   0   1   0   0]]"
64,0.3,0.7,False,0.5612244897959183,"[[  0   1   2   3   2   0   0]
 [  0   9  16  13   2   3   0]
 [  3  17 272 132  21   1   0]
 [  5  16 132 391  97  14   1]
 [  0   2  25  83 134  13   0]
 [  0   1   3  18  16  19   0]
 [  0   0   1   2   0   0   0]]"
65,0.3,0.7,False,0.5863945578231292,"[[  0   2   3   4   0   0   0]
 [  0  14  17  20   5   0   0]
 [  0  12 268 119  14   2   0]
 [  0   8 140 414  80  13   0]
 [  0   1  19  91 145  27   0]
 [  0   0   5  14  10  21   0]
 [  0   0   0   1   1   0   0]]"
66,0.3,0.7,False,0.5897959183673469,"[[  0   0   4   1   0   0   0]
 [  1  18  22  16   1   1   0]
 [  2  17 285 116  14   7   0]
 [  2   5 138 395  91  22   1]
 [  1   4  19  74 146  18   0]
 [  0   1   3  10  11  23   0]
 [  0   0   0   0   1   0   0]]"
67,0.3,0.7,False,0.5503401360544218,"[[  0   0   4   0   1   0   0]
 [  0  12  23  18   3   0   0]
 [  5  14 247 133  17   1   0]
 [  0  20 134 388 102  16   0]
 [  0   2  25  93 144  18   1]
 [  0   1   5  11  12  18   0]
 [  0   0   1   0   1   0   0]]"
68,0.3,0.7,False,0.5959183673469388,"[[  0   0   4   2   3   0   0]
 [  0  10  14  19   1   0   0]
 [  2  15 273 109  26   2   0]
 [  1  16 120 421 103  11   1]
 [  2   0  22  74 152  18   0]
 [  0   0   3   8  16  20   0]
 [  0   0   0   1   1   0   0]]"
69,0.3,0.7,False,0.5795918367346938,"[[  0   0   1   3   1   0   0]
 [  0  14  17  12   2   0   0]
 [  2  16 250 138  30   5   0]
 [  5  15 131 398  85  17   0]
 [  1   4  12  79 169   7   0]
 [  0   1   4  17  11  21   0]
 [  0   0   0   0   1   1   0]]"
70,0.3,0.7,False,0.5843537414965987,"[[  0   1   3   1   0   0   0]
 [  0  11  17  15   2   0   0]
 [  0  17 273 126  20   2   0]
 [  1  18 120 412  84  11   1]
 [  1   4  16 104 134  14   2]
 [  0   0   3  19   9  29   0]
 [  0   0   0   0   0   0   0]]"
71,0.3,0.7,False,0.6095238095238096,"[[  0   1   3   3   1   1   0]
 [  0  11  16   9   6   1   0]
 [  0  18 304 115  22   4   0]
 [  1  10 117 415  97  19   1]
 [  0   2  12  79 143  11   0]
 [  0   0   3   9  11  23   1]
 [  0   0   0   0   1   0   0]]"
72,0.3,0.7,False,0.5863945578231292,"[[  0   2   2   3   0   0   0]
 [  2  14  20  14   0   1   0]
 [  4  14 277 133  17   3   0]
 [  1   4 114 411 100  14   0]
 [  1   1  20  84 146  11   0]
 [  0   2   5  13  19  14   0]
 [  0   0   0   2   2   0   0]]"
73,0.3,0.7,False,0.5952380952380952,"[[  0   0   3   2   1   0   0]
 [  0  17  15  15   1   0   0]
 [  4  21 267 100  13   4   1]
 [  3   7 148 406  88  20   0]
 [  0   3  23  96 154   7   0]
 [  0   0   2  10   7  31   0]
 [  0   0   0   1   0   0   0]]"
74,0.3,0.7,False,0.5782312925170068,"[[  0   1   4   1   1   0   0]
 [  1  14  13  19   1   0   0]
 [  1  14 271 130  23   2   0]
 [  3  10 128 402  76  23   1]
 [  0   1  18  94 139  22   1]
 [  0   0   0  11  18  24   1]
 [  0   1   0   0   1   0   0]]"
75,0.3,0.7,False,0.5857142857142857,"[[  0   0   3   3   1   0   0]
 [  1  12  14  24   0   1   0]
 [  3  19 260 140  13   2   2]
 [  0   9 118 420  79  18   1]
 [  0   3  21  88 149  11   0]
 [  0   0   2  21  10  20   1]
 [  0   0   0   0   1   0   0]]"
76,0.3,0.7,False,0.601360544217687,"[[  0   1   3   0   0   1   0]
 [  1  12  29   8   2   0   0]
 [  2  17 260 124  21   2   0]
 [  1  19 111 430  93  13   0]
 [  0   2  20  73 151  13   1]
 [  0   0   6  12  10  31   0]
 [  0   0   0   1   0   0   0]]"
77,0.3,0.7,False,0.5979591836734693,"[[  0   0   2   2   0   0   0]
 [  2   8  21  10   3   0   0]
 [  1  20 271 125  14   4   0]
 [  2   5 133 430  80  21   1]
 [  0   1  29  83 145   8   0]
 [  0   0   2  10   9  25   1]
 [  0   0   0   1   1   0   0]]"
78,0.3,0.7,False,0.5870748299319728,"[[  0   0   2   3   0   0   0]
 [  0  12  27  12   5   0   0]
 [  3  24 268 114  20   6   0]
 [  0   5 137 419  84  23   0]
 [  1   2  15  78 143  11   3]
 [  0   1   0  18  13  21   0]
 [  0   0   0   0   0   0   0]]"
79,0.3,0.7,False,0.5904761904761905,"[[  0   0   5   2   0   0   0]
 [  0   9  22  12   4   2   0]
 [  1  17 252 130  19   3   0]
 [  1  12 134 437  82  19   1]
 [  0   1  18  73 145  13   1]
 [  0   0   6   6  17  25   0]
 [  0   0   0   0   0   1   0]]"
80,0.3,0.7,False,0.6027210884353742,"[[  0   1   2   1   1   0   0]
 [  2   9  18  10   0   1   0]
 [  2  19 245 125  18   2   0]
 [  2   9 125 456  73   9   0]
 [  2   4  26  85 149  10   1]
 [  0   0   5  22   7  27   0]
 [  0   0   0   1   1   0   0]]"
81,0.3,0.7,False,0.5870748299319728,"[[  0   1   2   1   1   0   0]
 [  2  13  13  14   1   1   0]
 [  3  18 277 118  27   9   0]
 [  2   8 124 409  80  13   0]
 [  0   2  19 111 141   4   1]
 [  0   2   2  12  16  23   0]
 [  0   0   0   0   0   0   0]]"
82,0.3,0.7,False,0.6054421768707483,"[[  0   1   2   2   0   0   0]
 [  0  11  17  12   2   2   0]
 [  0  17 281 111  19   1   0]
 [  0  20 114 427  91  17   0]
 [  0   3  16  87 153  18   0]
 [  0   0   2  13  10  18   0]
 [  0   0   1   0   2   0   0]]"
83,0.3,0.7,False,0.580952380952381,"[[  0   0   2   2   2   0   0]
 [  0  17  19  13   5   0   0]
 [  1  12 249 120  26   4   0]
 [  1  11 117 405 104  18   0]
 [  1   0  21  88 154  12   0]
 [  0   0   4  19  12  29   0]
 [  0   0   0   1   1   0   0]]"
84,0.3,0.7,False,0.601360544217687,"[[  0   0   0   3   0   1   0]
 [  2  14  19   5   3   0   0]
 [  3  14 264 105  17   3   0]
 [  0  17 123 448 101  13   0]
 [  0   2  19  79 136  18   0]
 [  0   0   1  23  12  22   0]
 [  0   0   0   1   2   0   0]]"
85,0.3,0.7,False,0.5959183673469388,"[[  0   0   3   4   1   0   0]
 [  1  12  14  10   4   0   0]
 [  2  16 268 123  21   3   0]
 [  1   7 118 433  93  19   0]
 [  1   2  16  92 134  13   0]
 [  0   1   0  14  14  29   0]
 [  0   0   0   1   0   0   0]]"
86,0.3,0.7,False,0.5850340136054422,"[[  0   0   3   1   2   1   0]
 [  0   7  19  26   0   1   0]
 [  0  21 265 127  22   9   0]
 [  0   6 126 415  85  21   1]
 [  0   3  21  68 147  13   1]
 [  0   0   5  13  15  26   0]
 [  0   0   0   0   0   0   0]]"
87,0.3,0.7,False,0.5993197278911565,"[[  0   1   4   3   0   0   0]
 [  0  12  19  13   3   0   0]
 [  0  25 275  93  25   7   0]
 [  1  11 141 418  89  13   0]
 [  0   3  26  68 152  15   0]
 [  0   0   2  11  15  24   0]
 [  0   0   0   0   1   0   0]]"
88,0.3,0.7,False,0.5775510204081633,"[[  0   2   5   6   1   0   0]
 [  0  15  21  12   3   1   0]
 [  2  23 281 124  18   4   0]
 [  0  12 140 410 102  13   0]
 [  1   3  10  72 125  13   0]
 [  0   0   1  13  18  18   0]
 [  0   0   0   1   0   0   0]]"
89,0.3,0.7,False,0.5945578231292517,"[[  0   0   3   0   1   0   0]
 [  0  17  12  15   2   1   0]
 [  2  22 266 133  20   2   0]
 [  3  10 117 412  83  16   0]
 [  0   2  22  86 156  13   1]
 [  0   0   2  15  11  23   0]
 [  0   0   0   2   0   0   0]]"
90,0.3,0.7,False,0.6068027210884354,"[[  0   1   3   2   0   0   0]
 [  0  14  19  19   0   1   0]
 [  2  20 280 115  22   6   0]
 [  0  13 117 434  78  15   0]
 [  0   1  30  80 144   8   0]
 [  0   0   1  10  12  20   1]
 [  0   0   1   1   0   0   0]]"
91,0.3,0.7,False,0.5768707482993197,"[[  0   0   1   2   1   1   0]
 [  1  13  19  16   3   1   0]
 [  0  30 275 127  19   6   0]
 [  1  20 132 413  65  19   2]
 [  0   3  23  84 130  15   0]
 [  0   0   2  13  14  17   0]
 [  0   0   1   1   0   0   0]]"
92,0.3,0.7,False,0.5605442176870749,"[[  0   0   1   3   1   0   0]
 [  1   7  24  14   2   1   0]
 [  2  17 252 136  20   4   1]
 [  6  13 144 402  94  15   0]
 [  0   5  19  80 143  18   0]
 [  1   1   1   8  14  20   0]
 [  0   0   0   0   0   0   0]]"
93,0.3,0.7,False,0.5789115646258504,"[[  0   0   1   3   1   0   0]
 [  0  10  14  18   4   0   0]
 [  2  19 292 142  18   3   0]
 [  2  14 123 403  96   6   0]
 [  0   3  13  87 124  16   1]
 [  1   1   2  13  15  22   0]
 [  0   0   1   0   0   0   0]]"
94,0.3,0.7,False,0.5782312925170068,"[[  0   1   2   2   0   0   0]
 [  1  11  23  14   3   0   0]
 [  0  12 255 127  28  11   0]
 [  1   9 119 419  97  22   0]
 [  0   2  23  77 147  13   0]
 [  0   0   3  11  17  18   0]
 [  0   0   1   0   1   0   0]]"
95,0.3,0.7,False,0.5782312925170068,"[[  0   0   1   3   2   0   0]
 [  1  15  18   8   5   1   0]
 [  1  14 274 138  16   1   0]
 [  5  10 129 400  79  17   1]
 [  0   0  27 107 140   9   1]
 [  0   1   1  13   8  21   0]
 [  0   0   0   3   0   0   0]]"
96,0.3,0.7,False,0.5945578231292517,"[[  0   0   2   2   1   0   0]
 [  0  15  21  16   5   1   0]
 [  2  16 281 115  23   7   0]
 [  1  15 141 411  87  15   0]
 [  0   0  13  65 144  16   0]
 [  0   1   6  16   8  23   0]
 [  0   0   0   0   1   0   0]]"
97,0.3,0.7,False,0.591156462585034,"[[  0   0   0   0   1   0   0]
 [  0  18  25  10   5   0   0]
 [  1  19 252 120  22   1   0]
 [  3  11 136 413 104  15   0]
 [  2   1  18  65 160   7   0]
 [  0   0   1  18  13  26   0]
 [  0   0   0   1   2   0   0]]"
98,0.3,0.7,False,0.6074829931972789,"[[  0   2   0   1   1   0   0]
 [  0  14  13  12   1   1   0]
 [  2  23 278 119  24   0   0]
 [  2  18 106 422  97  20   0]
 [  1   6  14  72 158  13   0]
 [  0   2   1  14  10  21   0]
 [  0   0   0   1   1   0   0]]"
99,0.3,0.7,False,0.5707482993197279,"[[  0   0   2   3   0   0   0]
 [  1  18  28  18   2   0   0]
 [  1  16 257 128  19   3   0]
 [  2  13 130 421  99  14   0]
 [  0   2  22  95 123   8   0]
 [  0   1   4  11   8  20   0]
 [  0   0   0   1   0   0   0]]"
100,0.3,0.7,False,0.5687074829931973,"[[  0   0   1   1   0   0   0]
 [  0  14  14  14   6   0   0]
 [  3  25 289 122  33   4   0]
 [  1   9 108 366 116  27   2]
 [  0   4  20  70 145  12   0]
 [  0   0   4  16  19  22   0]
 [  0   0   0   0   2   1   0]]"
1,0.3,0.7,True,0.5884353741496599,"[[  0   1   3   0   1   0   0]
 [  0  18  19  16   2   0   0]
 [  1  18 270 114  30   8   0]
 [  0   9 125 423  97  19   1]
 [  0   1  20  73 128  16   0]
 [  0   0   2  11  16  26   0]
 [  0   0   1   1   0   0   0]]"
2,0.3,0.7,True,0.608843537414966,"[[  0   1   2   0   0   1   0]
 [  0  15  11  14   2   1   0]
 [  2  22 288 127  15   9   0]
 [  3  14 121 414  82  19   0]
 [  0   2  22  70 152   5   0]
 [  0   0   1  17  11  26   0]
 [  0   0   0   1   0   0   0]]"
3,0.3,0.7,True,0.5707482993197279,"[[  0   0   4   3   0   0   0]
 [  0  12  11  17   3   0   0]
 [  0  21 272 135  23   2   0]
 [  3  18 121 402  96  23   1]
 [  0   3  21  79 126  15   2]
 [  0   0   3  13  14  27   0]
 [  0   0   0   0   0   0   0]]"
4,0.3,0.7,True,0.5877551020408164,"[[  0   1   1   0   1   1   0]
 [  0  15  20  13   3   1   0]
 [  0  16 257 128  14   1   1]
 [  0  10 117 426  85  12   0]
 [  2   2  22  96 146  20   0]
 [  1   1   6  16  14  20   0]
 [  0   0   0   0   1   0   0]]"
5,0.3,0.7,True,0.5857142857142857,"[[  0   1   2   2   0   0   0]
 [  0  15  22   9   2   0   0]
 [  1  21 266 121  16   6   1]
 [  0  14 126 417 105  11   0]
 [  0   3  25  72 143  17   1]
 [  0   2   0  16  13  20   0]
 [  0   0   0   0   0   0   0]]"
6,0.3,0.7,True,0.6068027210884354,"[[  0   0   2   1   0   0   0]
 [  0  16  24   9   2   0   1]
 [  4   6 274 115  25   0   1]
 [  2  11 115 432  99  24   1]
 [  0   2  26  61 153  15   0]
 [  0   0   7   7  16  17   0]
 [  0   0   0   2   0   0   0]]"
7,0.3,0.7,True,0.5877551020408164,"[[  0   1   1   2   2   3   0]
 [  1  16  19  10   6   1   0]
 [  1  27 269 116  20   2   0]
 [  0   8 132 422  79  23   1]
 [  1   2  16  87 135  13   1]
 [  0   0   3  18   8  22   1]
 [  0   0   0   1   0   0   0]]"
8,0.3,0.7,True,0.5877551020408164,"[[  0   0   2   0   0   1   0]
 [  1  16  17  11   3   0   0]
 [  8  12 244 125  21   3   0]
 [  1  17 101 424  96  20   1]
 [  0   4  26  90 156  12   0]
 [  0   1   4  15  11  24   0]
 [  0   0   1   1   1   0   0]]"
9,0.3,0.7,True,0.5605442176870749,"[[  0   0   1   2   0   0   0]
 [  0   9  16  23   4   0   0]
 [  5  29 268 118  15   3   0]
 [  4  11 133 382 101  13   0]
 [  0   2  14  93 143  23   0]
 [  0   0   4  17  11  22   2]
 [  0   0   1   1   0   0   0]]"
10,0.3,0.7,True,0.5863945578231292,"[[  0   0   2   3   1   0   0]
 [  0   9  22  14   0   0   0]
 [  1  15 276 159  27   3   0]
 [  1  12  99 409  97  19   0]
 [  0   1  12  78 144  13   0]
 [  0   0   1  13  13  24   1]
 [  0   0   0   0   0   1   0]]"
11,0.3,0.7,True,0.5748299319727891,"[[  0   3   3   3   1   0   0]
 [  1  10  28  14   3   0   0]
 [  3  18 279 101  27   5   0]
 [  0   5 150 393  96  22   0]
 [  0   1  20  82 146   8   0]
 [  0   0   2  10  18  17   0]
 [  0   0   0   1   0   0   0]]"
12,0.3,0.7,True,0.5755102040816327,"[[  0   0   3   3   1   0   0]
 [  0  14  18  13   4   0   0]
 [  1  15 271 122  19   3   0]
 [  2  20 138 401  91  14   1]
 [  0   1  18  92 141  11   2]
 [  0   0   1  21  10  19   0]
 [  0   0   0   0   0   0   0]]"
13,0.3,0.7,True,0.5877551020408164,"[[  0   0   2   2   1   0   0]
 [  0  20  21  13   5   0   0]
 [  1  32 252 131  27   3   0]
 [  1  11 110 415  61  16   3]
 [  1   0  19 103 157  14   0]
 [  0   0   2  12  13  20   0]
 [  0   0   0   2   0   0   0]]"
14,0.3,0.7,True,0.5979591836734693,"[[  0   1   4   3   1   0   0]
 [  0  11  16  17   0   2   0]
 [  3  11 272 118  25   4   1]
 [  1   9 133 427  86  11   0]
 [  0   7  25  78 143  11   0]
 [  0   1   1  12   8  26   0]
 [  0   0   1   0   1   0   0]]"
15,0.3,0.7,True,0.5918367346938775,"[[  0   0   2   3   1   0   0]
 [  1  14  19  10   3   1   0]
 [  1  20 246 128  26   5   0]
 [  0   8 126 437  85  14   2]
 [  1   1  22  76 155  14   0]
 [  0   1   2  12  14  18   0]
 [  0   0   1   1   0   0   0]]"
16,0.3,0.7,True,0.5959183673469388,"[[  0   0   4   0   0   0   0]
 [  0   8  24  11   2   1   0]
 [  2  14 286 113  21   3   0]
 [  2  10 126 401  86  19   3]
 [  1   0  14  83 154  17   4]
 [  0   0   4  12  15  27   1]
 [  0   0   0   2   0   0   0]]"
17,0.3,0.7,True,0.5768707482993197,"[[  0   0   1   3   0   0   0]
 [  1  17  18  14   3   1   0]
 [  3  26 259 142  30   3   0]
 [  1  13 100 396  85  18   0]
 [  0   4  24  79 151  13   2]
 [  0   0   6  16  14  25   0]
 [  0   0   1   0   1   0   0]]"
18,0.3,0.7,True,0.608843537414966,"[[  0   0   5   1   0   0   0]
 [  0  10  17   8   3   2   0]
 [  2  21 265 111  23   4   0]
 [  0  14 121 440  78  21   1]
 [  0   2  10  82 157  16   0]
 [  0   2   2  17  12  23   0]
 [  0   0   0   0   0   0   0]]"
19,0.3,0.7,True,0.5653061224489796,"[[  0   0   2   0   0   0   0]
 [  0  13  20  17   2   0   0]
 [  3  18 246 110  20   4   1]
 [  5  11 142 411 100  12   0]
 [  0   8  22  81 142  20   0]
 [  0   0   4  22  13  19   0]
 [  0   0   0   1   1   0   0]]"
20,0.3,0.7,True,0.5659863945578232,"[[  0   0   4   1   1   0   0]
 [  1  12  25  23   2   0   0]
 [  4  11 254 135  27   0   1]
 [  1  11 119 418  99  22   2]
 [  0   4  19  87 129  16   0]
 [  0   1   4   7  11  19   0]
 [  0   0   0   0   0   0   0]]"
21,0.3,0.7,True,0.5585034013605442,"[[  0   0   4   0   2   0   0]
 [  1  15  21  11   7   0   0]
 [  3  14 260 125  25   0   0]
 [  1  16 148 385 101  12   0]
 [  1   2  25  86 143   8   0]
 [  0   0   4  16  14  18   0]
 [  0   0   0   2   0   0   0]]"
22,0.3,0.7,True,0.6047619047619047,"[[  0   0   1   2   0   0   0]
 [  0  18  17  14   2   1   0]
 [  2  21 262 125  19   5   0]
 [  1   6 120 437  88  14   0]
 [  1   1  17  76 148  14   0]
 [  0   0   5  13  12  24   1]
 [  0   0   0   1   1   1   0]]"
23,0.3,0.7,True,0.6034013605442177,"[[  0   1   0   3   0   0   0]
 [  2  18  12   7   4   0   0]
 [  0  15 266 123  22   3   0]
 [  2  10 118 431  94  13   2]
 [  0   1  27  82 144  15   0]
 [  0   0   5  12  10  28   0]
 [  0   0   0   0   0   0   0]]"
24,0.3,0.7,True,0.5755102040816327,"[[  0   1   3   4   1   0   0]
 [  0  12  14  20   1   0   0]
 [  1  15 263 133  24   5   0]
 [  0   9 129 407  81  22   0]
 [  0   2  20  96 144  11   0]
 [  0   1   5  14  10  20   0]
 [  0   0   0   1   1   0   0]]"
25,0.3,0.7,True,0.5564625850340136,"[[  1   1   1   3   1   0   0]
 [  0   7  21  16   3   1   0]
 [  3  14 247 144  21   2   0]
 [  3   8 125 398  91  17   0]
 [  0   3  24 105 149  12   0]
 [  0   0   5  12  14  16   0]
 [  0   1   0   1   0   0   0]]"
26,0.3,0.7,True,0.5925170068027211,"[[  0   0   4   0   0   0   0]
 [  1  13  19  16   3   0   0]
 [  2  16 267 154  20   5   0]
 [  1   8 107 423  81  16   0]
 [  0   3  24  73 145  11   0]
 [  0   0   3  17  14  23   0]
 [  0   0   1   0   0   0   0]]"
27,0.3,0.7,True,0.5857142857142857,"[[  0   1   1   3   1   0   0]
 [  2  12  17  12   4   0   0]
 [  2  16 282 120  27   3   0]
 [  4  15 131 408  83  16   0]
 [  1   3  22  79 132  14   0]
 [  0   1   1  20   9  27   0]
 [  0   0   0   0   1   0   0]]"
28,0.3,0.7,True,0.601360544217687,"[[  0   1   3   2   1   1   0]
 [  0  11  19  13   5   0   0]
 [  2  14 275 122  14   4   2]
 [  2  15 126 421  94  14   0]
 [  0   2  16  76 145  19   0]
 [  0   0   3   7   8  32   0]
 [  0   0   0   0   1   0   0]]"
29,0.3,0.7,True,0.5666666666666667,"[[  0   0   2   1   1   1   0]
 [  1   9  24  13   5   0   0]
 [  4   9 240 133  21   7   0]
 [  2   6 151 405 102  18   0]
 [  1   1  21  64 158  14   0]
 [  0   0   5  13  16  21   0]
 [  0   0   0   1   0   0   0]]"
30,0.3,0.7,True,0.5863945578231292,"[[  0   1   2   3   0   0]
 [  0  15  17  10   1   0]
 [  3  19 244 118  22   5]
 [  2  13 119 424 101  20]
 [  0   2  22  89 154  13]
 [  0   1   2   9  14  25]]"
31,0.3,0.7,True,0.5965986394557823,"[[  0   0   1   1   1   0   0]
 [  0  16  20  11   0   0   0]
 [  5  12 266 142  24   1   0]
 [  3  21 119 429  76  21   0]
 [  1   4  18  76 137  13   0]
 [  0   1   1  13   7  29   0]
 [  0   0   0   0   0   1   0]]"
32,0.3,0.7,True,0.563265306122449,"[[  0   1   3   3   0   1   0]
 [  0  15  21  15   4   1   0]
 [  1  23 245 119  38   4   0]
 [  0  12 140 396  97   8   1]
 [  1   4  11  78 150  15   0]
 [  0   0   1  13  26  22   0]
 [  0   0   1   0   0   0   0]]"
33,0.3,0.7,True,0.5673469387755102,"[[  0   0   0   2   1   0   0]
 [  1  10  20   7   3   1   0]
 [  4  15 269 118  31   3   1]
 [  0   7 132 393  99  17   1]
 [  0   2  20 103 140  16   2]
 [  0   1   1  13  13  22   0]
 [  0   1   0   1   0   0   0]]"
34,0.3,0.7,True,0.6027210884353742,"[[  0   0   0   3   1   0   0]
 [  0  12  23  10   1   0   0]
 [  1  24 291 119  20   2   0]
 [  0  11 128 408  83  14   0]
 [  1   2  18  75 152  18   1]
 [  0   1   3  12  12  23   0]
 [  0   0   0   1   0   0   0]]"
35,0.3,0.7,True,0.6034013605442177,"[[  0   1   1   1   0   0   0]
 [  0  14   9  14   2   0   0]
 [  2  22 271 129  27   4   0]
 [  1  15 108 435  72  16   0]
 [  1   3  19 103 141   5   1]
 [  0   1   3   7  14  26   0]
 [  0   0   0   1   1   0   0]]"
36,0.3,0.7,True,0.5884353741496599,"[[  0   1   2   1   1   0   0]
 [  0  13  17  19   5   0   0]
 [  3  12 256 123  20   4   0]
 [  2   6 134 410  93  18   1]
 [  0   1  14  81 161  19   0]
 [  0   2   1  15   8  25   0]
 [  0   0   0   1   1   0   0]]"
37,0.3,0.7,True,0.5727891156462585,"[[  0   0   2   5   0   1   0]
 [  1  12  24   8   5   0   0]
 [  3  19 267 140  24   3   0]
 [  1  15 109 395 110  19   0]
 [  2   5  10  72 147  14   0]
 [  0   0   3  14  17  21   0]
 [  0   0   0   0   1   1   0]]"
38,0.3,0.7,True,0.5666666666666667,"[[  0   4   1   2   0   1   0]
 [  0  15  23  11   1   0   0]
 [  3  26 262 126  21   4   0]
 [  3  13 145 398  81  18   1]
 [  1   1  17  98 137   9   0]
 [  1   1   2  10  10  21   0]
 [  0   0   1   1   1   0   0]]"
39,0.3,0.7,True,0.5836734693877551,"[[  0   2   1   3   1   1   0]
 [  0  10  19   8   1   0   0]
 [  4  16 280 128  22   6   0]
 [  0  12 117 414 101  13   0]
 [  1   2  17  89 133  10   0]
 [  1   0   1  23  11  21   0]
 [  0   0   0   1   1   0   0]]"
40,0.3,0.7,True,0.6006802721088436,"[[  0   1   3   4   1   0   0]
 [  0  17  13  16   2   2   0]
 [  4  16 301 102  18   2   0]
 [  1  11 136 400  65  26   1]
 [  0   4  28  89 142  15   0]
 [  0   0   1  11  13  23   0]
 [  0   0   0   1   1   0   0]]"
41,0.3,0.7,True,0.5700680272108843,"[[  0   4   0   4   1   0   0]
 [  0  16  11  17   3   0   1]
 [  2  20 261 111  19   3   0]
 [  3  14 137 410  88  11   0]
 [  0   3  27 103 126  13   0]
 [  0   1   1  18  15  25   0]
 [  0   0   0   1   1   0   0]]"
42,0.3,0.7,True,0.6061224489795919,"[[  0   0   3   3   0   0   0]
 [  0  14  16  17   5   0   0]
 [  2   9 268 118  21   3   1]
 [  5  12 120 438  87  12   1]
 [  0   3  17  85 148   8   0]
 [  0   0   1  13  15  23   0]
 [  0   0   0   0   1   1   0]]"
43,0.3,0.7,True,0.5741496598639456,"[[  0   1   1   3   0   0   0]
 [  0   8  22  14   2   1   0]
 [  1  26 275 113  32   4   0]
 [  1  13 154 391  73  14   2]
 [  0   2  22  76 149  14   0]
 [  0   0   4  13  16  21   0]
 [  0   0   0   1   1   0   0]]"
44,0.3,0.7,True,0.6054421768707483,"[[  0   0   0   2   1   0   0]
 [  0  17  14  13   1   0   0]
 [  2  17 286 115  31   2   0]
 [  2  15 121 411  83   7   0]
 [  2   2  22  80 147  13   0]
 [  0   0   2  13  16  29   1]
 [  0   0   0   1   1   1   0]]"
45,0.3,0.7,True,0.5775510204081633,"[[  0   3   1   1   0   0   0]
 [  2  20  11  15   3   2   0]
 [  2  19 260 124  27   5   0]
 [  1  14 144 391  71  16   2]
 [  0   4  22  89 154  11   0]
 [  0   1   4  12  13  24   0]
 [  0   0   0   2   0   0   0]]"
46,0.3,0.7,True,0.5857142857142857,"[[  0   0   4   1   1   0   0]
 [  0  14  15  18   1   0   0]
 [  0  17 286 121  15   7   0]
 [  4  25 141 394  83  15   1]
 [  0   2  10  78 148  21   0]
 [  0   0   1  11  17  19   0]
 [  0   0   0   0   0   0   0]]"
47,0.3,0.7,True,0.5891156462585034,"[[  0   1   1   1   2   0   0]
 [  1   9  21  10   3   0   0]
 [  0  19 262 142  22   1   0]
 [  1  14 121 432  80  10   0]
 [  1   5  18  86 146  11   0]
 [  0   1   3  14  14  17   0]
 [  0   0   0   1   0   0   0]]"
48,0.3,0.7,True,0.582312925170068,"[[  0   1   2   1   0   0   0]
 [  0   9  24  19   2   1   0]
 [  1  19 277 103  23   5   0]
 [  1   8 140 406  93  11   0]
 [  0   0  31  90 143  10   0]
 [  0   0   1  13  13  21   0]
 [  0   0   0   2   0   0   0]]"
49,0.3,0.7,True,0.5877551020408164,"[[  0   0   2   2   1   0   0]
 [  0  16  16  19   4   0   0]
 [  2  22 279 110  14   1   0]
 [  2  11 144 408 101   8   0]
 [  0   3  17  85 140  10   0]
 [  0   0   2  12  16  21   0]
 [  0   0   0   2   0   0   0]]"
50,0.3,0.7,True,0.6034013605442177,"[[  0   2   3   2   1   0   0]
 [  0  14  14  19   3   1   0]
 [  1  23 267 112  15   2   0]
 [  3   8 123 446  86  20   2]
 [  0   1  24  76 139   8   0]
 [  0   0   5  12  17  21   0]
 [  0   0   0   0   0   0   0]]"
51,0.3,0.7,True,0.6,"[[  0   0   2   4   0   0   0]
 [  2  12  21   8   3   1   0]
 [  3  10 267 136  21   7   0]
 [  1  16 107 425  81  21   0]
 [  2   6  15  73 155  15   2]
 [  0   0   4  11  14  23   0]
 [  0   0   1   1   0   0   0]]"
52,0.3,0.7,True,0.5802721088435374,"[[  0   1   1   2   3   0   0]
 [  0  10  24  22   3   1   2]
 [  0  19 292 145  19   2   1]
 [  6   3 123 407  93  18   0]
 [  0   2  11  77 125  13   0]
 [  0   0   2   9  13  19   0]
 [  0   0   0   2   0   0   0]]"
53,0.3,0.7,True,0.5897959183673469,"[[  0   2   3   3   1   0   0]
 [  0  14  15  18   4   1   0]
 [  0   7 273 142  25   6   0]
 [  0  10 122 423  79  10   0]
 [  0   0  22  82 141   8   1]
 [  0   1   5  21  12  16   2]
 [  0   0   0   1   0   0   0]]"
54,0.3,0.7,True,0.6115646258503401,"[[  0   0   1   4   0   0   0]
 [  0  10  24  14   6   0   0]
 [  5   7 286 118  27   5   1]
 [  2   7 119 426  80  20   1]
 [  1   2  16  69 162   8   1]
 [  0   0   3  11  19  15   0]
 [  0   0   0   0   0   0   0]]"
55,0.3,0.7,True,0.5993197278911565,"[[  0   1   2   3   0   0   0]
 [  2  13  16  11   2   0   1]
 [  1  12 266 111  25   7   0]
 [  1  20 125 436  77  21   0]
 [  0   0  17  96 149  15   0]
 [  0   1   0  11   8  17   0]
 [  0   0   0   0   3   0   0]]"
56,0.3,0.7,True,0.5748299319727891,"[[  0   2   1   0   0   0   0]
 [  1  16  13  16   3   0   0]
 [  0  12 267 127  22   5   1]
 [  3  16 138 388  97  14   0]
 [  0   6  23  76 153  17   0]
 [  0   0   3  17  11  21   0]
 [  0   0   0   0   1   0   0]]"
57,0.3,0.7,True,0.5918367346938775,"[[  0   0   1   5   0   0   0]
 [  1  16  22   9   2   0   0]
 [  2  13 259 118  23   5   0]
 [  0   9 138 414  85  18   1]
 [  0   1  19  87 153   9   0]
 [  0   2   0  13  15  28   0]
 [  0   0   1   1   0   0   0]]"
58,0.3,0.7,True,0.610204081632653,"[[  0   1   2   2   1   0   0]
 [  0  15  15  11   5   0   0]
 [  1  24 284 129  19   6   0]
 [  4  12  85 443  90  19   0]
 [  0   1  22  86 134  11   0]
 [  0   1   3   6  13  21   0]
 [  0   0   0   1   2   1   0]]"
59,0.3,0.7,True,0.5843537414965987,"[[  0   0   2   1   1   0]
 [  2  10  15  11   9   2]
 [  1  17 278 111  19   4]
 [  0  13 128 394 113  21]
 [  0   1  21  69 152  18]
 [  0   0   2  17  13  25]]"
60,0.3,0.7,True,0.5897959183673469,"[[  0   3   5   1   0   0   0]
 [  0  12  26  22   0   1   0]
 [  0  17 285 147  15   1   0]
 [  0  15 115 419  83  11   1]
 [  0   2  15  87 130  14   0]
 [  0   2   2   7   8  21   1]
 [  0   0   0   0   2   0   0]]"
61,0.3,0.7,True,0.6061224489795919,"[[  0   0   1   1   0   0   0]
 [  0  12  28  19   2   0   0]
 [  1   9 288 123  19   3   0]
 [  0   8 122 413  86  18   0]
 [  0   4  15  81 155  12   0]
 [  0   0   4  12  10  23   0]
 [  0   0   0   0   1   0   0]]"
62,0.3,0.7,True,0.5938775510204082,"[[  0   0   1   1   0   1   0]
 [  0   6  22  10   2   3   0]
 [  2  19 273 116  18   4   0]
 [  2  11 140 414  74   7   0]
 [  0   0  22  93 161  12   0]
 [  0   0   5  20  10  19   0]
 [  0   0   0   0   2   0   0]]"
63,0.3,0.7,True,0.5925170068027211,"[[  0   0   5   1   0   0   0]
 [  0  19  17  12   2   1   0]
 [  0  14 294 123  23   9   0]
 [  0  11 124 389  96  19   0]
 [  0   3  14  91 153  17   0]
 [  0   0   2   5   8  16   0]
 [  0   0   0   1   0   1   0]]"
64,0.3,0.7,True,0.5707482993197279,"[[  0   2   2   3   0   0   0]
 [  1  10  17  12   2   0   0]
 [  0  26 258 136  22   4   0]
 [  0   9 128 424  87  19   2]
 [  0   2  20  93 122  15   0]
 [  0   1   2   9  15  25   1]
 [  0   0   0   1   0   0   0]]"
65,0.3,0.7,True,0.5931972789115646,"[[  0   1   3   0   1   0   0]
 [  0  13  10  12   5   1   0]
 [  2  18 260 144  26   0   0]
 [  3   7 118 415  92  11   0]
 [  0   0  21  89 157  10   0]
 [  0   1   4   5  12  27   0]
 [  0   0   0   0   1   1   0]]"
66,0.3,0.7,True,0.5775510204081633,"[[  0   0   3   3   1   0   0]
 [  0  16  19  16   4   2   0]
 [  1  14 273 127  27   4   0]
 [  0   9 117 394 102  11   0]
 [  1   1  21  90 147  22   0]
 [  0   0   2  10  12  19   0]
 [  0   0   0   1   0   1   0]]"
67,0.3,0.7,True,0.5918367346938775,"[[  0   1   3   2   0   0   0]
 [  2   7  19  22   3   0   0]
 [  0  15 246 119  18   1   0]
 [  1  12 119 431 109  18   0]
 [  0   2  19  64 162  14   0]
 [  0   1   2  14  18  24   0]
 [  0   0   0   1   0   1   0]]"
68,0.3,0.7,True,0.6047619047619047,"[[  0   1   4   1   1   0   0]
 [  1  17  13  13   2   1   0]
 [  1  20 272 130  21   6   0]
 [  1   8 119 419  99  10   1]
 [  1   3  14  73 157   5   0]
 [  0   0   2  20   8  24   0]
 [  0   0   0   1   1   0   0]]"
69,0.3,0.7,True,0.5659863945578232,"[[  0   1   5   3   0   0   0]
 [  0   9  27  12   1   0   0]
 [  0  18 270 124  17   1   0]
 [  0  21 134 403  97  15   0]
 [  0   2  16  93 128  15   1]
 [  0   0   4  13  16  22   0]
 [  0   0   1   0   1   0   0]]"
70,0.3,0.7,True,0.5761904761904761,"[[  0   0   2   0   0   0   0]
 [  2  10  18  13   1   1   0]
 [  3  26 267 132  19   3   0]
 [  5  15 113 411  96  23   0]
 [  1   0  21  95 140   9   1]
 [  0   1   2   8  11  19   0]
 [  0   0   0   0   2   0   0]]"
71,0.3,0.7,True,0.5761904761904761,"[[  0   0   3   2   0   0   0]
 [  2  10  23   9   1   0   0]
 [  1  18 265 152  13   0   0]
 [  5  17 125 400  91  12   0]
 [  1   4  21  81 146  13   1]
 [  1   0   3   9  13  26   1]
 [  0   0   1   0   0   0   0]]"
72,0.3,0.7,True,0.5605442176870749,"[[  0   2   4   4   2   0   0]
 [  1   8  15  20   4   1   0]
 [  0  18 282 129  19   7   0]
 [  2  10 133 384  89  17   0]
 [  1   2  23  90 121  17   2]
 [  0   0   2  20  12  29   0]
 [  0   0   0   0   0   0   0]]"
73,0.3,0.7,True,0.5707482993197279,"[[  0   1   6   1   1   0   0]
 [  1   8  17  21   3   2   0]
 [  0  17 273 110  23   3   0]
 [  0  22 121 413  96  24   1]
 [  0   2  22  95 130  12   1]
 [  0   0   2  13  13  15   0]
 [  0   0   0   1   0   0   0]]"
74,0.3,0.7,True,0.5925170068027211,"[[  0   1   0   3   3   0   0]
 [  0  14  23  10   2   0   0]
 [  7  19 260 116  27   7   0]
 [  6  13 112 444  93  14   0]
 [  0   4  23  77 135  10   0]
 [  0   0   2  12  13  18   0]
 [  0   1   0   1   0   0   0]]"
75,0.3,0.7,True,0.5870748299319728,"[[  0   1   3   4   1   1   0]
 [  1  12  14  10   4   1   0]
 [  1  14 288 133  28   2   0]
 [  0  10 131 395  89  19   0]
 [  0   1  11  83 145  23   0]
 [  0   1   0   6  12  23   0]
 [  0   0   0   2   1   0   0]]"
76,0.3,0.7,True,0.5897959183673469,"[[  0   0   3   0   0   0   0]
 [  1  17  18  13   3   0   0]
 [  2  26 272 127  16   2   1]
 [  0  16 120 429  97  12   0]
 [  0   4  13  84 124  13   1]
 [  0   0   1  16  14  25   0]
 [  0   0   0   0   0   0   0]]"
77,0.3,0.7,True,0.5789115646258504,"[[  0   0   4   2   3   1   0]
 [  0  19  23   5   1   2   0]
 [  2  15 255 120  19   1   0]
 [  2  10 132 425 107  21   2]
 [  0   4  20  82 135  10   0]
 [  0   0   4  14  11  17   0]
 [  0   0   0   0   2   0   0]]"
78,0.3,0.7,True,0.5503401360544218,"[[  0   1   1   2   1   0   0]
 [  0  11  21  13   4   2   0]
 [  3  12 261 143  29   2   0]
 [  0  11 120 380 131  23   1]
 [  0   2  17  84 134   8   0]
 [  0   0   0  12  17  23   0]
 [  0   0   1   0   0   0   0]]"
79,0.3,0.7,True,0.5891156462585034,"[[  0   0   2   3   0   0   0]
 [  0   9  15   8   3   1   1]
 [  2  20 272 126  22   7   0]
 [  2  21 115 401  83  14   0]
 [  1   1  22  97 154  13   0]
 [  0   0   3   7  13  30   0]
 [  0   0   0   1   1   0   0]]"
80,0.3,0.7,True,0.5918367346938775,"[[  0   0   3   1   1   0   0]
 [  0   8  21  13   2   0   0]
 [  4  18 266  99  25   2   0]
 [  3   6 131 426 108  17   0]
 [  1   4  13  76 147   9   1]
 [  0   1   3  24  14  23   0]
 [  0   0   0   0   0   0   0]]"
81,0.3,0.7,True,0.5959183673469388,"[[  0   1   1   3   2   0   0]
 [  0  10  15  11   2   1   0]
 [  1  17 298 105  19   9   0]
 [  2  14 118 385  98  11   1]
 [  0   3  28  83 155  16   0]
 [  0   1   5  10  16  28   0]
 [  0   0   0   1   0   0   0]]"
82,0.3,0.7,True,0.5945578231292517,"[[  0   0   0   3   1   0   0]
 [  0  10  29  14   0   0   0]
 [  0  14 288 117  21   0   0]
 [  3   7 113 403  80  16   2]
 [  0   0  23  97 153  15   1]
 [  0   0   6   9  24  20   0]
 [  0   1   0   0   0   0   0]]"
83,0.3,0.7,True,0.6006802721088436,"[[  0   0   1   1   1   0   0]
 [  1  13  18  14   4   1   0]
 [  1  16 271 113  27   7   0]
 [  0   7 125 436  82  22   1]
 [  0   1  16  86 139  13   0]
 [  0   0   1  15  13  24   0]
 [  0   0   0   0   0   0   0]]"
84,0.3,0.7,True,0.5836734693877551,"[[  0   0   2   5   0   1   0]
 [  0  12  19  16   2   0   0]
 [  0  16 263 122  16   2   0]
 [  0  17 125 422  82  21   0]
 [  4   1  26  86 138  20   0]
 [  0   0   3   7  16  23   0]
 [  0   1   0   0   2   0   0]]"
85,0.3,0.7,True,0.6115646258503401,"[[  0   1   1   3   0   0   0]
 [  0  13  15  11   6   0   0]
 [  1  10 284 110  27   4   1]
 [  0  12 110 428  89  14   1]
 [  0   3  14  91 153  13   0]
 [  0   0   3   8  19  21   2]
 [  0   0   0   1   1   0   0]]"
86,0.3,0.7,True,0.5993197278911565,"[[  1   0   2   3   1   0   0]
 [  0  11  22  13   1   0   0]
 [  0  24 296 124  21   6   0]
 [  0  11 120 416  72  19   0]
 [  0   1  19  95 133  10   1]
 [  0   1   4  12   6  24   0]
 [  0   0   0   1   0   0   0]]"
87,0.3,0.7,True,0.5829931972789115,"[[  0   0   0   1   2   0   0]
 [  1  19  18  12   6   0   0]
 [  3  21 296 123  21   7   1]
 [  1  11 128 379  91   9   0]
 [  0   3  20  84 144  14   0]
 [  0   0   6  16  14  19   0]
 [  0   0   0   0   0   0   0]]"
88,0.3,0.7,True,0.5857142857142857,"[[  0   0   3   3   1   0   0]
 [  0  13  14  14   7   0   0]
 [  1  14 271 115  30   7   0]
 [  0   9 141 410  97  13   1]
 [  2   1  21  79 139  10   0]
 [  0   0   1  14  11  28   0]
 [  0   0   0   0   0   0   0]]"
89,0.3,0.7,True,0.5972789115646259,"[[  0   0   1   1   1   0]
 [  2  11  19  11   3   1]
 [  0  15 286 132  13   5]
 [  3  12 129 410  92  20]
 [  0   1  21  65 148  12]
 [  0   0   1  20  12  23]]"
90,0.3,0.7,True,0.5897959183673469,"[[  0   0   2   2   1   1   0]
 [  3  13  20  16   2   1   0]
 [  0  19 283 116  19   4   0]
 [  0  12 127 398  77  16   0]
 [  0   1  19  91 150  12   0]
 [  0   1   6  15  18  23   0]
 [  0   0   0   0   2   0   0]]"
91,0.3,0.7,True,0.6183673469387755,"[[  0   1   0   3   0   0   0]
 [  0  14  18  11   4   0   0]
 [  0  21 270 118  20   0   0]
 [  4   3 120 423  83  11   2]
 [  0   1  23  77 176   6   1]
 [  0   0   1  14  16  26   0]
 [  0   0   0   2   0   1   0]]"
92,0.3,0.7,True,0.5979591836734693,"[[  0   0   0   1   1   0   0]
 [  0  14   9  20   7   0   0]
 [  0  14 287 128  20   5   0]
 [  1  16 127 412  89  16   0]
 [  0   0  19  69 146  10   1]
 [  1   2   4  17  12  20   0]
 [  0   0   0   1   1   0   0]]"
93,0.3,0.7,True,0.5877551020408164,"[[  0   1   1   0   0   0   0]
 [  1  11  21   7   3   2   0]
 [  1  16 279 120  23   8   0]
 [  0  18 122 409  88  12   0]
 [  1   1  23  78 144  17   1]
 [  0   2   3  22  13  21   0]
 [  0   0   1   0   0   0   0]]"
94,0.3,0.7,True,0.5843537414965987,"[[  0   0   4   0   0   0   0]
 [  1   6  23  22   3   0   0]
 [  1  14 276  96  19   7   1]
 [  1  13 136 405 112  15   0]
 [  0   4  16  77 149  21   0]
 [  0   0   3  15   5  23   0]
 [  0   0   0   1   1   0   0]]"
95,0.3,0.7,True,0.5727891156462585,"[[  0   2   0   2   0   0   0]
 [  0  12  25  14   1   0   0]
 [  3  18 262 108  19   5   0]
 [  4   6 134 427 104  16   1]
 [  0   0  25  93 121  17   1]
 [  0   1   1  10  16  20   1]
 [  0   0   0   1   0   0   0]]"
96,0.3,0.7,True,0.5714285714285714,"[[  0   1   4   2   2   0   0]
 [  1  14  17  17   4   0   0]
 [  3  15 254 138  13   5   0]
 [  3  11 128 432  75  17   1]
 [  0   0  23  93 121  19   0]
 [  0   2   1  16  17  19   0]
 [  0   0   0   1   0   1   0]]"
97,0.3,0.7,True,0.5714285714285714,"[[  0   0   1   1   0   1   0]
 [  0  12  13  13   3   0   0]
 [  5  25 257 116  22   4   0]
 [  3  14 133 395 102  12   1]
 [  1   2  21  89 150  12   1]
 [  0   1   2  19  12  26   0]
 [  0   0   0   0   0   1   0]]"
98,0.3,0.7,True,0.5904761904761905,"[[  0   2   0   1   0   0   0]
 [  1  16  23  13   5   1   0]
 [  0  17 254 125  24   1   0]
 [  0   8 102 439  88  16   0]
 [  1   3  24 102 136  15   0]
 [  0   1   4  14  10  23   0]
 [  0   0   0   1   0   0   0]]"
99,0.3,0.7,True,0.5938775510204082,"[[  0   1   0   3   2   1   0]
 [  0   9  25  17   2   0   0]
 [  0  11 261 107  17   3   0]
 [  3   7 137 423 105  14   0]
 [  0   6  23  74 149  17   1]
 [  0   0   3   7   9  31   0]
 [  0   0   0   1   1   0   0]]"
100,0.3,0.7,True,0.5870748299319728,"[[  0   2   1   3   0   2   0]
 [  1  17  15  13   6   0   1]
 [  2  17 255 113  28   2   0]
 [  0  10 147 430  70  20   0]
 [  0   1  18  88 137  15   0]
 [  0   0   5  17  10  24   0]
 [  0   0   0   0   0   0   0]]"
